Collision Date,Collision Time Range,Injury Type,Latitude,Longitude,Modes,Risk
2017-12-31,,Minor,49.2325796,-123.1036968,Single Cyl,
2017-12-27,12:00-14:59,Severe,49.26960883,-123.070589,Single Cyl,
2017-12-13,6:00-8:59,Minor,49.2486426,-123.0901571,Cyl-Unk,
2017-12-13,6:00-8:59,Minor,49.22655262,-123.1283157,Cyl-Unk,
2017-12-13,9:00-11:59,Minor,49.22688141,-123.1374447,Single Cyl,
2017-12-10,,Minor,49.22535097,-123.0502931,Cyl-Cyl,
2017-12-03,0:00-2:59,Minor,49.27676634,-123.0998475,Cyl-Unk,
2017-12-03,12:00-14:59,Minor,49.26916794,-123.1006969,Single Cyl,
2017-12-03,18:00-20:59,Minor,49.20707081,-123.1244353,Single Cyl,
2017-11-29,15:00-17:59,Minor,49.24188342,-123.05813,Cyl-Ped,
2017-11-27,18:00-20:59,Minor,49.27668051,-123.108987,Single Cyl,
2017-11-25,12:00-14:59,Minor,49.24143454,-123.1278187,Mot-Cyl,
2017-11-25,,Minor,49.23230884,-123.0236472,Single Cyl,
2017-11-22,12:00-14:59,Minor,49.23289146,-123.0905577,Cyl-Ped,
2017-11-20,,Minor,49.22547178,-123.0907739,Cyl-Ped,
2017-11-14,,Severe,49.26927399,-123.1065726,Cyl-Unk,
2017-11-10,18:00-20:59,Minor,49.24108389,-123.1184367,Single Cyl,
2017-11-06,15:00-17:59,Minor,49.26344486,-123.1289867,Single Cyl,
2017-10-31,21:00-23:59,Minor,49.24000921,-123.0540294,Cyl-Unk,
2017-10-30,6:00-8:59,Minor,49.21812717,-123.0770252,Cyl-Unk,
2017-10-30,12:00-14:59,Minor,49.21101282,-123.0911022,Single Cyl,
2017-10-29,,Minor,49.23289146,-123.0905577,Single Cyl,
2017-10-24,9:00-11:59,Minor,49.26927399,-123.1065726,Cyl-Cyl,
2017-10-24,,Minor,49.21825543,-123.0909531,Cyl-Ped,
2017-10-21,15:00-17:59,Minor,49.2388167,-123.0395164,Cyl-Unk,
2017-10-15,9:00-11:59,Minor,49.23724779,-123.1160455,Single Cyl,
2017-10-13,,Minor,49.23289146,-123.0905577,Single Cyl,
2017-10-12,6:00-8:59,Minor,49.21182947,-123.1485388,Cyl-Ped,
2017-10-09,,Severe,49.24861466,-123.0877662,Single Cyl,
2017-10-08,15:00-17:59,Minor,49.26460211,-123.1008882,Single Cyl,
2017-10-07,,Minor,49.20810709,-123.0422563,Single Cyl,
2017-10-05,15:00-17:59,Minor,49.26035998,-123.1130055,Cyl-Ped,
2017-10-04,18:00-20:59,Minor,49.24932974,-123.0986981,Cyl-Unk,
2017-10-01,,Minor,49.22562267,-123.0995618,Cyl-Ped,
2017-09-29,0:00-2:59,Minor,49.27699988,-123.1195259,Cyl-Cyl,
2017-09-29,15:00-17:59,Minor,49.26367551,-123.1433878,Cyl-Unk,
2017-09-28,6:00-8:59,Minor,49.23805703,-123.1394596,Cyl-Cyl,
2017-09-28,18:00-20:59,Minor,49.20457485,-123.1303776,Cyl-Unk,
2017-09-26,15:00-17:59,Minor,49.21376177,-123.0770884,Cyl-Cyl,
2017-09-23,9:00-11:59,Minor,49.25462583,-123.089932,Cyl-Unk,
2017-09-20,21:00-23:59,Minor,49.20292174,-123.077401,Cyl-Unk,
2017-09-18,15:00-17:59,Severe,49.22846787,-123.1015203,Cyl-Unk,
2017-09-16,12:00-14:59,Severe,49.24108389,-123.1184367,Cyl-Unk,
2017-09-16,,Minor,49.20292174,-123.077401,Single Cyl,
2017-09-16,15:00-17:59,Minor,49.24050232,-123.1014864,Single Cyl,
2017-09-15,6:00-8:59,Minor,49.26330575,-123.1009429,Cyl-Unk,
2017-09-15,15:00-17:59,Severe,49.24363668,-123.1392728,Single Cyl,
2017-09-14,6:00-8:59,Minor,49.28111839,-123.0791584,Cyl-Unk,
2017-09-13,,Minor,49.27538076,-123.137183,Cyl-Cyl,
2017-09-12,,Minor,49.25971654,-123.0891632,Single Cyl,
2017-09-11,6:00-8:59,Minor,49.20457485,-123.1303776,Single Cyl,
2017-09-11,,Minor,49.27126361,-123.065721,Single Cyl,
2017-09-08,18:00-20:59,Minor,49.31555276,-123.138343,Cyl-Unk,
2017-09-08,21:00-23:59,Minor,49.25985093,-123.0965585,Cyl-Unk,
2017-09-07,9:00-11:59,Minor,49.23354342,-123.1161922,Single Cyl,
2017-09-05,18:00-20:59,Minor,49.23473669,-123.1673766,Single Cyl,
2017-09-04,12:00-14:59,Minor,49.25658427,-123.1012275,Cyl-Unk,
2017-09-04,,Minor,49.20968952,-123.0661113,Cyl-Unk,
2017-09-04,,Minor,49.22922839,-123.0235847,Single Cyl,
2017-09-02,9:00-11:59,Minor,49.23354342,-123.1161922,Cyl-Unk,
2017-08-31,15:00-17:59,Minor,49.26977958,-123.1455468,Cyl-Ped,
2017-08-31,21:00-23:59,Minor,49.25671752,-123.0898541,Cyl-Unk,
2017-08-29,15:00-17:59,Severe,49.23230884,-123.0236472,Cyl-Ped,
2017-08-28,,Minor,49.24545136,-123.0496389,Cyl-Cyl,
2017-08-27,,Minor,49.27610453,-123.1181308,Cyl-Cyl,
2017-08-27,,Severe,49.24843667,-123.0722098,Single Cyl,
2017-08-26,,Minor,49.28065961,-123.1170123,Single Cyl,
2017-08-24,9:00-11:59,Severe,49.26263281,-123.1385943,Cyl-Cyl,
2017-08-24,18:00-20:59,Minor,49.28009442,-123.117866,Single Cyl,
2017-08-23,21:00-23:59,Minor,49.25671752,-123.0898541,Cyl-Unk,
2017-08-22,15:00-17:59,Minor,49.26340063,-123.1808802,Single Cyl,
2017-08-17,,Severe,49.22928939,-123.0402854,Single Cyl,
2017-08-15,,Severe,49.20292174,-123.077401,Cyl-Cyl,
2017-08-14,12:00-14:59,Severe,49.25781711,-123.1780769,Cyl-Cyl,
2017-08-13,18:00-20:59,Minor,49.24186874,-123.1393225,Single Cyl,
2017-08-12,21:00-23:59,Minor,49.23266824,-123.0728922,Cyl-Unk,
2017-08-12,18:00-20:59,Minor,49.26354928,-123.1128842,Single Cyl,
2017-08-09,,Severe,49.21573059,-123.0960069,Cyl-Unk,
2017-08-09,,Minor,49.25781711,-123.1780769,Cyl-Unk,
2017-08-06,3:00-5:59,Minor,49.23433032,-123.139588,Single Cyl,
2017-08-05,15:00-17:59,Minor,49.24356487,-123.0618096,Cyl-Unk,
2017-08-04,18:00-20:59,Minor,49.21812717,-123.0770252,Cyl-Unk,
2017-08-01,,Severe,49.22696578,-123.1398433,Cyl-Ped,
2017-07-29,12:00-14:59,Minor,49.26208318,-123.1624749,Single Cyl,
2017-07-29,21:00-23:59,Minor,49.28034179,-123.0973372,Single Cyl,
2017-07-28,21:00-23:59,Minor,49.26530732,-123.1907199,Single Cyl,
2017-07-28,,Minor,49.24188342,-123.05813,Single Cyl,
2017-07-26,,Severe,49.2607329,-123.1362012,Cyl-Cyl,
2017-07-25,15:00-17:59,Minor,49.27303925,-123.0695608,Cyl-Ped,
2017-07-25,21:00-23:59,Minor,49.23275057,-123.0655367,Single Cyl,
2017-07-23,,Severe,49.25011309,-123.0760987,Cyl-Cyl,
2017-07-23,,Minor,49.27548223,-123.099907,Single Cyl,
2017-07-23,12:00-14:59,Severe,49.27081775,-123.114945,Single Cyl,
2017-07-20,,Minor,49.26077176,-123.1386636,Single Cyl,
2017-07-19,,Minor,49.26285921,-123.099514,Single Cyl,
2017-07-17,3:00-5:59,Minor,49.24877163,-123.0338089,Cyl-Unk,
2017-07-16,21:00-23:59,Minor,49.24518895,-123.1155607,Cyl-Unk,
2017-07-13,,Minor,49.27527372,-123.065652,Single Cyl,
2017-07-13,,Minor,49.22611395,-123.1164924,Single Cyl,
2017-07-12,,Minor,49.2654692,-123.0988474,Cyl-Cyl,
2017-07-11,15:00-17:59,Minor,49.25011309,-123.0760987,Cyl-Cyl,
2017-07-11,21:00-23:59,Severe,49.2107292,-123.1301707,Cyl-Ped,
2017-07-09,12:00-14:59,Minor,49.27277625,-123.1000281,Single Cyl,
2017-07-09,,Minor,49.23230884,-123.0236472,Single Cyl,
2017-07-06,,Minor,49.28903398,-123.1282372,Single Cyl,
2017-07-04,9:00-11:59,Minor,49.28600469,-123.1269798,Single Cyl,
2017-07-03,15:00-17:59,Minor,49.24303856,-123.0763224,Cyl-Cyl,
2017-07-03,,Severe,49.2757524,-123.1462382,Single Cyl,
2017-07-03,,Minor,49.27948142,-123.0997293,Single Cyl,
2017-07-02,12:00-14:59,Minor,49.23457602,-123.1555619,Single Cyl,
2017-07-01,,Minor,49.28318941,-123.0995671,Single Cyl,
2017-07-01,,Minor,49.26407036,-123.1681743,Single Cyl,
2017-07-01,9:00-11:59,Severe,49.24236867,-123.1852632,Single Cyl,
2017-06-21,,Minor,49.28123468,-123.0703897,Cyl-Unk,
2017-05-29,,Severe,49.26888925,-123.2014427,Cyl-Cyl,
2017-05-29,21:00-23:59,Severe,49.26318198,-123.1128997,Single Cyl,
2017-05-29,21:00-23:59,Severe,49.26318198,-123.1128997,Single Cyl,
2017-05-28,15:00-17:59,Minor,49.24762151,-123.0627218,Single Cyl,
2017-05-28,15:00-17:59,Minor,49.24762151,-123.0627218,Single Cyl,
2017-05-28,,Minor,49.26970365,-123.1407917,Single Cyl,
2017-05-28,,Minor,49.26970365,-123.1407917,Single Cyl,
2017-05-27,15:00-17:59,Minor,49.27538076,-123.137183,Cyl-Cyl,
2017-05-27,15:00-17:59,Minor,49.27538076,-123.137183,Cyl-Cyl,
2017-05-27,15:00-17:59,Minor,49.23415345,-123.0358766,Cyl-Cyl,
2017-05-27,15:00-17:59,Minor,49.23415345,-123.0358766,Cyl-Cyl,
2017-05-27,18:00-20:59,Severe,49.25971654,-123.0891632,Cyl-Cyl,
2017-05-27,18:00-20:59,Severe,49.25971654,-123.0891632,Cyl-Cyl,
2017-05-27,,Minor,49.21920398,-123.1285906,Cyl-Unk,
2017-05-27,,Minor,49.21920398,-123.1285906,Cyl-Unk,
2017-05-27,15:00-17:59,Minor,49.2341254,-123.0259289,Single Cyl,
2017-05-27,15:00-17:59,Minor,49.2341254,-123.0259289,Single Cyl,
2017-05-25,,Minor,49.23365336,-123.1193792,Single Cyl,
2017-05-25,,Minor,49.23365336,-123.1193792,Single Cyl,
2017-05-24,,Minor,49.26247366,-123.0891189,Cyl-Ped,
2017-05-24,,Minor,49.26247366,-123.0891189,Cyl-Ped,
2017-05-24,18:00-20:59,Minor,49.23466491,-123.1613373,Single Cyl,
2017-05-24,18:00-20:59,Minor,49.23466491,-123.1613373,Single Cyl,
2017-05-23,12:00-14:59,Minor,49.24447201,-123.127714,Cyl-Unk,
2017-05-23,12:00-14:59,Minor,49.24447201,-123.127714,Cyl-Unk,
2017-05-22,,Minor,49.28111793,-123.0235783,Cyl-Ped,
2017-05-22,,Minor,49.28111793,-123.0235783,Cyl-Ped,
2017-05-22,,Minor,49.28117685,-123.0655742,Single Cyl,
2017-05-21,15:00-17:59,Minor,49.22416435,-123.1466673,Cyl-Cyl,
2017-05-21,15:00-17:59,Minor,49.22416435,-123.1466673,Cyl-Cyl,
2017-05-21,18:00-20:59,Minor,49.26020101,-123.101075,Single Cyl,
2017-05-21,18:00-20:59,Minor,49.26020101,-123.101075,Single Cyl,
2017-05-13,0:00-2:59,Severe,49.27764881,-123.0772095,Cyl-Cyl,
2017-05-13,0:00-2:59,Severe,49.27764881,-123.0772095,Cyl-Cyl,
2017-05-08,15:00-17:59,Minor,49.26369805,-123.1009262,Single Cyl,
2017-05-08,15:00-17:59,Minor,49.26369805,-123.1009262,Single Cyl,
2017-05-07,9:00-11:59,Severe,49.31555276,-123.138343,Single Cyl,
2017-05-07,9:00-11:59,Severe,49.31555276,-123.138343,Single Cyl,
2017-05-06,12:00-14:59,Minor,49.2671372,-123.135963,Cyl-Unk,
2017-05-06,12:00-14:59,Minor,49.2671372,-123.135963,Cyl-Unk,
2017-05-04,,Minor,49.28235465,-123.1144493,Cyl-Ped,
2017-05-04,12:00-14:59,Minor,49.22655262,-123.1283157,Single Cyl,
2017-05-04,12:00-14:59,Minor,49.22655262,-123.1283157,Single Cyl,
2017-04-29,0:00-2:59,Minor,49.27580345,-123.0546533,Cyl-Unk,
2017-04-28,18:00-20:59,Minor,49.25837705,-123.0983697,Cyl-Unk,
2017-04-28,,Minor,49.26293669,-123.1019602,Single Cyl,
2017-04-28,,Minor,49.26293669,-123.1019602,Single Cyl,
2017-04-27,15:00-17:59,Minor,49.24800984,-123.0712883,Cyl-Unk,
2017-04-27,21:00-23:59,Minor,49.2330791,-123.1015186,Single Cyl,
2017-04-23,9:00-11:59,Minor,49.21103142,-123.0720995,Single Cyl,
2017-04-22,9:00-11:59,Minor,49.23594287,-123.042316,Single Cyl,
2017-04-21,,Minor,49.22735265,-123.1713984,Cyl-Unk,
2017-04-21,18:00-20:59,Minor,49.24020915,-123.076405,Single Cyl,
2017-04-17,15:00-17:59,Severe,49.2635595,-123.1360969,Cyl-Unk,
2017-04-16,18:00-20:59,Minor,49.25011309,-123.0760987,Cyl-Unk,
2017-04-10,21:00-23:59,Minor,49.21675203,-123.1019582,Cyl-Unk,
2017-04-08,12:00-14:59,Severe,49.25458681,-123.0875433,Cyl-Unk,
2017-04-08,3:00-5:59,Minor,49.21287801,-123.074059,Cyl-Unk,
2017-04-03,15:00-17:59,Minor,49.27277625,-123.1000281,Cyl-Cyl,
2017-03-28,15:00-17:59,Minor,49.24882942,-123.0522433,Cyl-Ped,
2017-03-25,15:00-17:59,Minor,49.26020101,-123.101075,Cyl-Unk,
2017-03-22,15:00-17:59,Minor,49.24877824,-123.1010372,Single Cyl,
2017-03-21,9:00-11:59,Minor,49.26020101,-123.101075,Cyl-Cyl,
2017-03-17,18:00-20:59,Minor,49.28090938,-123.1022771,Single Cyl,
2017-03-12,,Minor,49.23674424,-123.1279788,Cyl-Unk,
2017-03-09,9:00-11:59,Severe,49.28158048,-123.139495,Cyl-Cyl,
2017-03-05,,Minor,49.26238115,-123.0775006,Single Cyl,
2017-02-25,15:00-17:59,Minor,49.27904049,-123.1194579,Single Cyl,
2017-02-18,,Minor,49.27126361,-123.065721,Single Cyl,
2017-02-12,6:00-8:59,Minor,49.2665932,-123.1108123,Cyl-Unk,
2017-01-30,15:00-17:59,Minor,49.23380638,-123.1238624,Cyl-Unk,
2017-01-29,,Minor,49.23271452,-123.077031,Cyl-Unk,
2017-01-23,3:00-5:59,Minor,49.23978466,-123.0764346,Single Cyl,
2017-01-17,15:00-17:59,Minor,49.27307304,-123.0565835,Cyl-Unk,
2017-01-15,18:00-20:59,Minor,49.21499926,-123.0720392,Cyl-Cyl,
2017-01-06,,Minor,49.24050232,-123.1014864,Single Cyl,
2016-12-29,21:00-23:59,Minor,49.2390684,-123.1167378,Single Cyl,
2016-12-22,9:00-11:59,Minor,49.23089963,-123.1014433,Single Cyl,
2016-12-17,12:00-14:59,Minor,49.22176573,-123.0908656,Single Cyl,
2016-12-12,15:00-17:59,Minor,49.27277625,-123.1000281,Single Cyl,
2016-12-12,18:00-20:59,Minor,49.21077549,-123.1003104,Single Cyl,
2016-12-05,,Minor,49.28158048,-123.139495,Single Cyl,
2016-11-28,,Minor,49.21462704,-123.0770784,Single Cyl,
2016-11-22,6:00-8:59,Minor,49.26201051,-123.1009977,Cyl-Unk,
2016-11-21,,Minor,49.27933833,-123.1132451,Cyl-Unk,
2016-11-18,9:00-11:59,Minor,49.27948142,-123.0997293,Cyl-Cyl,
2016-11-10,9:00-11:59,Minor,49.22930236,-123.128232,Cyl-Ped,
2016-11-10,12:00-14:59,Minor,49.21989776,-123.1401252,Single Cyl,
2016-11-07,,Severe,49.24564755,-123.1155418,Single Cyl,
2016-11-06,21:00-23:59,Minor,49.25188493,-123.0652185,Single Cyl,
2016-10-31,6:00-8:59,Minor,49.21675203,-123.1019582,Single Cyl,
2016-10-30,,Minor,49.23433032,-123.139588,Cyl-Unk,
2016-10-28,12:00-14:59,Minor,49.24877824,-123.1010372,Single Cyl,
2016-10-25,15:00-17:59,Minor,49.26444809,-123.1008951,Cyl-Ped,
2016-10-24,21:00-23:59,Minor,49.24624219,-123.1500729,Cyl-Unk,
2016-10-19,,Minor,49.27538076,-123.137183,Cyl-Ped,
2016-10-19,,Minor,49.2107292,-123.1301707,Single Cyl,
2016-10-17,,Minor,49.2107292,-123.1301707,Cyl-Ped,
2016-10-17,9:00-11:59,Minor,49.26797675,-123.1432292,Cyl-Unk,
2016-10-12,18:00-20:59,Minor,49.26475589,-123.1094432,Cyl-Ped,
2016-10-11,,Minor,49.27213562,-123.0695747,Cyl-Cyl,
2016-10-11,,Minor,49.2607329,-123.1362012,Cyl-Cyl,
2016-10-08,,Minor,49.23415345,-123.0358766,Cyl-Ped,
2016-10-03,,Minor,49.2635595,-123.1360969,Cyl-Unk,
2016-10-02,18:00-20:59,Minor,49.28298234,-123.1154202,Cyl-Unk,
2016-10-01,9:00-11:59,Minor,49.26020101,-123.101075,Cyl-Unk,
2016-09-30,,Minor,49.26251786,-123.0945002,Single Cyl,
2016-09-28,,Minor,49.23415345,-123.0358766,Single Cyl,
2016-09-27,,Minor,49.26226144,-123.0620261,Cyl-Unk,
2016-09-27,18:00-20:59,Minor,49.2485585,-123.0829244,Cyl-Unk,
2016-09-22,,Minor,49.27484647,-123.0695335,Cyl-Ped,
2016-09-22,15:00-17:59,Minor,49.26231941,-123.0697627,Single Cyl,
2016-09-20,12:00-14:59,Severe,49.24399049,-123.0566541,Cyl-Unk,
2016-09-16,12:00-14:59,Minor,49.24941352,-123.1390837,Cyl-Unk,
2016-09-13,9:00-11:59,Minor,49.24007423,-123.0666121,Cyl-Cyl,
2016-09-13,12:00-14:59,Minor,49.20570946,-123.1347012,Cyl-Cyl,
2016-09-12,,Minor,49.23476827,-123.189651,Cyl-Unk,
2016-09-10,12:00-14:59,Minor,49.24030608,-123.0903465,Cyl-Unk,
2016-09-10,9:00-11:59,Severe,49.26622882,-123.1252853,Cyl-Unk,
2016-09-09,,Minor,49.23955535,-123.0530512,Cyl-Unk,
2016-09-09,15:00-17:59,Minor,49.23354342,-123.1161922,Single Cyl,
2016-09-04,15:00-17:59,Minor,49.27662481,-123.0440966,Single Cyl,
2016-09-04,12:00-14:59,Minor,49.26263193,-123.0959911,Single Cyl,
2016-09-01,18:00-20:59,Severe,49.23475373,-123.1787215,Cyl-Unk,
2016-09-01,3:00-5:59,Minor,49.27353494,-123.1525649,Single Cyl,
2016-08-31,,Minor,49.2696471,-123.0754254,Cyl-Ped,
2016-08-29,18:00-20:59,Minor,49.26326048,-123.117503,Single Cyl,
2016-08-28,,Minor,49.23209561,-123.1281377,Cyl-Cyl,
2016-08-28,15:00-17:59,Minor,49.2330791,-123.1015186,Single Cyl,
2016-08-26,0:00-2:59,Minor,49.22018017,-123.0412907,Cyl-Unk,
2016-08-25,,Minor,49.26782127,-123.0735268,Single Cyl,
2016-08-24,18:00-20:59,Minor,49.27307304,-123.0565835,Cyl-Unk,
2016-08-23,,Severe,49.27011719,-123.1006575,Cyl-Ped,
2016-08-22,12:00-14:59,Severe,49.23613655,-123.0444912,Cyl-Unk,
2016-08-21,12:00-14:59,Minor,49.21562685,-123.1341373,Cyl-Unk,
2016-08-20,,Minor,49.20849155,-123.1316245,Cyl-Unk,
2016-08-20,,Minor,49.24000921,-123.0540294,Single Cyl,
2016-08-20,,Minor,49.24565534,-123.0968616,Single Cyl,
2016-08-19,12:00-14:59,Severe,49.28114529,-123.0545815,Cyl-Cyl,
2016-08-19,6:00-8:59,Minor,49.21737186,-123.1402175,Cyl-Unk,
2016-08-19,9:00-11:59,Minor,49.27679384,-123.1346299,Single Cyl,
2016-08-18,,Minor,49.24565534,-123.0968616,Single Cyl,
2016-08-14,,Minor,49.27584851,-123.0772376,Cyl-Cyl,
2016-08-14,15:00-17:59,Minor,49.28107814,-123.1075727,Single Cyl,
2016-08-13,12:00-14:59,Minor,49.22473616,-123.0456865,Cyl-Unk,
2016-08-12,,Minor,49.23433032,-123.139588,Cyl-Unk,
2016-08-12,12:00-14:59,Severe,49.27650884,-123.1252068,Cyl-Unk,
2016-08-11,,Minor,49.26797675,-123.1432292,Cyl-Ped,
2016-08-06,18:00-20:59,Minor,49.20292174,-123.077401,Cyl-Unk,
2016-08-06,,Severe,49.27736393,-123.1131776,Single Cyl,
2016-08-05,,Minor,49.26296007,-123.1029608,Single Cyl,
2016-08-04,18:00-20:59,Minor,49.23479284,-123.0769623,Single Cyl,
2016-08-04,,Minor,49.26948339,-123.1835967,Single Cyl,
2016-08-02,3:00-5:59,Severe,49.24272422,-123.0599699,Single Cyl,
2016-08-02,,Minor,49.24848074,-123.0761522,Single Cyl,
2016-07-30,18:00-20:59,Minor,49.266185,-123.1384598,Cyl-Unk,
2016-07-30,12:00-14:59,Minor,49.26601203,-123.0735606,Single Cyl,
2016-07-29,18:00-20:59,Minor,49.25815019,-123.033772,Cyl-Unk,
2016-07-29,18:00-20:59,Minor,49.26482063,-123.1128276,Cyl-Unk,
2016-07-29,9:00-11:59,Minor,49.24614307,-123.1786241,Single Cyl,
2016-07-29,6:00-8:59,Minor,49.26676805,-123.1480158,Single Cyl,
2016-07-29,18:00-20:59,Minor,49.26229011,-123.0658946,Single Cyl,
2016-07-28,18:00-20:59,Minor,49.23674424,-123.1279788,Single Cyl,
2016-07-27,18:00-20:59,Minor,49.28390407,-123.0597155,Single Cyl,
2016-07-26,21:00-23:59,Severe,49.27013966,-123.2058307,Cyl-Ped,
2016-07-26,6:00-8:59,Minor,49.21391961,-123.0895301,Mot-Cyl,
2016-07-26,21:00-23:59,Minor,49.26485742,-123.1147614,Single Cyl,
2016-07-22,,Minor,49.25159466,-123.0694081,Cyl-Unk,
2016-07-21,,Minor,49.22851851,-123.1787713,Cyl-Cyl,
2016-07-21,18:00-20:59,Minor,49.25262689,-123.1274116,Cyl-Ped,
2016-07-21,6:00-8:59,Minor,49.24893445,-123.1121924,Cyl-Unk,
2016-07-20,,Minor,49.29685173,-123.026349,Cyl-Unk,
2016-07-19,9:00-11:59,Minor,49.26285921,-123.099514,Cyl-Unk,
2016-07-18,,Minor,49.26238115,-123.0775006,Cyl-Unk,
2016-07-17,18:00-20:59,Severe,49.26794008,-123.1408584,Cyl-Cyl,
2016-07-17,,Minor,49.26794008,-123.1408584,Single Cyl,
2016-07-16,0:00-2:59,Severe,49.28113855,-123.0493305,Single Cyl,
2016-07-14,,Minor,49.26435145,-123.0919915,Cyl-Ped,
2016-07-12,,Minor,49.26872754,-123.0735089,Single Cyl,
2016-07-12,,Minor,49.20707357,-123.1405734,Single Cyl,
2016-07-10,9:00-11:59,Minor,49.2940602,-123.1360051,Cyl-Cyl,
2016-07-09,12:00-14:59,Minor,49.28178311,-123.1333593,Single Cyl,
2016-07-08,15:00-17:59,Minor,49.28123468,-123.0703897,Cyl-Unk,
2016-07-05,9:00-11:59,Severe,49.27277625,-123.1000281,Cyl-Cyl,
2016-07-03,,Minor,49.22655262,-123.1283157,Cyl-Cyl,
2016-06-30,12:00-14:59,Minor,49.23272017,-123.1556294,Cyl-Ped,
2016-06-29,15:00-17:59,Minor,49.26624797,-123.1146284,Single Cyl,
2016-06-27,,Minor,49.27745426,-123.0440838,Cyl-Ped,
2016-06-25,,Minor,49.26143084,-123.0775191,Cyl-Unk,
2016-06-22,,Minor,49.28132157,-123.0770929,Single Cyl,
2016-06-21,0:00-2:59,Minor,49.26948245,-123.0414825,Single Cyl,
2016-06-20,,Minor,49.28113855,-123.0493305,Single Cyl,
2016-06-18,12:00-14:59,Severe,49.28233292,-123.1022158,Single Cyl,
2016-06-18,,Minor,49.24761986,-123.0901606,Single Cyl,
2016-06-17,15:00-17:59,Minor,49.26550105,-123.1480643,Cyl-Unk,
2016-06-17,18:00-20:59,Minor,49.26916794,-123.1006969,Cyl-Unk,
2016-06-14,12:00-14:59,Minor,49.29364404,-123.1366329,Cyl-Unk,
2016-06-13,18:00-20:59,Minor,49.26420486,-123.1759105,Cyl-Unk,
2016-06-13,9:00-11:59,Minor,49.25814852,-123.0285177,Cyl-Unk,
2016-06-12,,Minor,49.25270449,-123.1009237,Single Cyl,
2016-06-11,15:00-17:59,Minor,49.26359788,-123.1385577,Cyl-Unk,
2016-06-11,21:00-23:59,Minor,49.26291341,-123.1009596,Cyl-Unk,
2016-06-11,21:00-23:59,Minor,49.20292174,-123.077401,Single Cyl,
2016-06-08,6:00-8:59,Minor,49.26190647,-123.0390441,Single Cyl,
2016-06-07,15:00-17:59,Severe,49.26820584,-123.1575053,Cyl-Ped,
2016-06-05,,Minor,49.2704759,-123.100642,Single Cyl,
2016-06-05,,Minor,49.26953958,-123.0618879,Single Cyl,
2016-06-05,12:00-14:59,Minor,49.28392314,-123.0762674,Single Cyl,
2016-06-04,18:00-20:59,Minor,49.27308275,-123.1259028,Cyl-Cyl,
2016-06-03,12:00-14:59,Minor,49.26824515,-123.0696465,Single Cyl,
2016-06-02,18:00-20:59,Minor,49.25479432,-123.1009926,Single Cyl,
2016-06-01,12:00-14:59,Severe,49.22170636,-123.1400535,Single Cyl,
2016-05-31,6:00-8:59,Minor,49.27529934,-123.0695272,Single Cyl,
2016-05-30,,Severe,49.27567823,-123.1303841,Single Cyl,
2016-05-30,9:00-11:59,Minor,49.22547178,-123.0907739,Single Cyl,
2016-05-29,6:00-8:59,Minor,49.280528,-123.1249743,Cyl-Ped,
2016-05-29,15:00-17:59,Minor,49.23230884,-123.0236472,Cyl-Unk,
2016-05-28,12:00-14:59,Minor,49.27767083,-123.0998124,Single Cyl,
2016-05-27,12:00-14:59,Severe,49.26363738,-123.1410197,Cyl-Unk,
2016-05-25,15:00-17:59,Minor,49.264469,-123.1360634,Single Cyl,
2016-05-22,21:00-23:59,Minor,49.24455757,-123.0339806,Cyl-Unk,
2016-05-22,15:00-17:59,Minor,49.2330791,-123.1015186,Cyl-Unk,
2016-05-18,15:00-17:59,Minor,49.28113855,-123.0493305,Cyl-Ped,
2016-05-18,,Minor,49.20451133,-123.1363157,Single Cyl,
2016-05-17,,Minor,49.25083594,-123.1390313,Cyl-Unk,
2016-05-17,,Minor,49.25372045,-123.0899652,Single Cyl,
2016-05-15,,Minor,49.21838072,-123.097752,Single Cyl,
2016-05-13,12:00-14:59,Severe,49.2388946,-123.0554442,Single Cyl,
2016-05-10,,Severe,49.19818075,-123.12405,Single Cyl,
2016-05-08,0:00-2:59,Minor,49.25346799,-123.056624,Cyl-Unk,
2016-05-07,12:00-14:59,Minor,49.27084437,-123.0884735,Cyl-Cyl,
2016-05-07,15:00-17:59,Minor,49.282187,-123.0703689,Cyl-Cyl,
2016-05-07,6:00-8:59,Minor,49.25797223,-123.1375365,Cyl-Unk,
2016-05-07,12:00-14:59,Minor,49.26989372,-123.1527003,Cyl-Unk,
2016-05-07,15:00-17:59,Severe,49.2478855,-123.1122387,Cyl-Unk,
2016-05-06,21:00-23:59,Minor,49.25508974,-123.1757627,Single Cyl,
2016-05-03,6:00-8:59,Minor,49.21693867,-123.1168544,Single Cyl,
2016-05-02,15:00-17:59,Minor,49.27075643,-123.1514681,Single Cyl,
2016-05-01,12:00-14:59,Minor,49.26412124,-123.1710762,Cyl-Ped,
2016-04-30,21:00-23:59,Minor,49.26231941,-123.0697627,Cyl-Cyl,
2016-04-30,9:00-11:59,Minor,49.22424388,-123.1016816,Cyl-Cyl,
2016-04-30,21:00-23:59,Minor,49.26805359,-123.1479666,Cyl-Unk,
2016-04-28,,Minor,49.19938176,-123.135837,Cyl-Unk,
2016-04-27,,Minor,49.27277625,-123.1000281,Single Cyl,
2016-04-22,9:00-11:59,Minor,49.26470945,-123.1067608,Cyl-Unk,
2016-04-22,,Severe,49.26318198,-123.1128997,Single Cyl,
2016-04-20,,Minor,49.24763366,-123.1532523,Cyl-Ped,
2016-04-20,9:00-11:59,Minor,49.27650884,-123.1252068,Single Cyl,
2016-04-17,0:00-2:59,Minor,49.22384585,-123.1236698,Cyl-Unk,
2016-04-15,6:00-8:59,Minor,49.21111006,-123.0807124,Cyl-Unk,
2016-04-14,21:00-23:59,Minor,49.2330791,-123.1015186,Cyl-Ped,
2016-04-13,9:00-11:59,Severe,49.2320728,-123.0655556,Cyl-Ped,
2016-04-11,,Minor,49.24044912,-123.0988145,Single Cyl,
2016-04-09,0:00-2:59,Minor,49.26231941,-123.0697627,Cyl-Unk,
2016-04-09,0:00-2:59,Minor,49.20292174,-123.077401,Cyl-Unk,
2016-04-08,15:00-17:59,Minor,49.2826344,-123.1217906,Single Cyl,
2016-04-04,,Minor,49.25120006,-123.1153127,Single Cyl,
2016-04-03,12:00-14:59,Minor,49.21920398,-123.1285906,Cyl-Unk,
2016-04-03,,Minor,49.26359788,-123.1385577,Single Cyl,
2016-04-02,9:00-11:59,Minor,49.26507499,-123.1758787,Single Cyl,
2016-04-02,15:00-17:59,Minor,49.22261042,-123.1400173,Single Cyl,
2016-03-28,,Minor,49.2388167,-123.0395164,Single Cyl,
2016-03-26,,Minor,49.25953015,-123.065947,Cyl-Unk,
2016-03-26,,Minor,49.21935069,-123.1401475,Single Cyl,
2016-03-22,15:00-17:59,Minor,49.225329,-123.080051,Single Cyl,
2016-03-21,15:00-17:59,Minor,49.26369805,-123.1009262,Cyl-Ped,
2016-03-21,18:00-20:59,Minor,49.24108389,-123.1184367,Cyl-Unk,
2016-03-21,,Minor,49.28099711,-123.0812821,Single Cyl,
2016-03-18,12:00-14:59,Severe,49.27254022,-123.1526034,Single Cyl,
2016-03-15,18:00-20:59,Minor,49.19818075,-123.12405,Cyl-Ped,
2016-03-09,,Minor,49.29006916,-123.137559,Cyl-Unk,
2016-03-05,12:00-14:59,Minor,49.25405677,-123.0533572,Single Cyl,
2016-03-05,21:00-23:59,Minor,49.25083594,-123.1390313,Single Cyl,
2016-02-29,,Minor,49.28111839,-123.0791584,Single Cyl,
2016-02-27,12:00-14:59,Minor,49.2339516,-123.1280743,Cyl-Unk,
2016-02-26,,Minor,49.20292174,-123.077401,Single Cyl,
2016-02-23,18:00-20:59,Minor,49.26291341,-123.1009596,Cyl-Unk,
2016-02-23,6:00-8:59,Minor,49.23545342,-123.1177992,Cyl-Unk,
2016-02-23,6:00-8:59,Minor,49.26826738,-123.1115106,Single Cyl,
2016-02-21,12:00-14:59,Severe,49.22655262,-123.1283157,Cyl-Cyl,
2016-02-21,,Minor,49.22611395,-123.1164924,Cyl-Unk,
2016-02-20,,Minor,49.26431737,-123.1265556,Single Cyl,
2016-02-19,,Minor,49.24020915,-123.076405,Cyl-Ped,
2016-02-17,9:00-11:59,Minor,49.27675575,-123.0772281,Cyl-Unk,
2016-02-14,,Minor,49.29045874,-123.1338611,Single Cyl,
2016-02-12,6:00-8:59,Minor,49.27277625,-123.1000281,Cyl-Cyl,
2016-02-10,,Minor,49.26397938,-123.1624029,Cyl-Ped,
2016-02-08,12:00-14:59,Minor,49.23433032,-123.139588,Cyl-Ped,
2016-01-21,,Minor,49.25817077,-123.0442814,Cyl-Ped,
2016-01-21,15:00-17:59,Minor,49.26291341,-123.1009596,Cyl-Unk,
2016-01-17,18:00-20:59,Minor,49.26047246,-123.119976,Single Cyl,
2016-01-15,6:00-8:59,Minor,49.23354342,-123.1161922,Cyl-Unk,
2016-01-14,,Minor,49.23085132,-123.155145,Single Cyl,
2016-01-11,12:00-14:59,Minor,49.26314668,-123.1109617,Cyl-Unk,
2016-01-08,21:00-23:59,Minor,49.27156176,-123.13456,Cyl-Unk,
2016-01-07,6:00-8:59,Severe,49.24803361,-123.1204121,Single Cyl,
2016-01-02,15:00-17:59,Severe,49.2436325,-123.0735309,Cyl-Cyl,
2015-12-30,0:00-2:59,Minor,49.20457485,-123.1303776,Cyl-Unk,
2015-12-29,,Severe,49.25966908,-123.0833602,Cyl-Ped,
2015-12-24,15:00-17:59,Minor,49.26776375,-123.0982009,Cyl-Unk,
2015-12-24,0:00-2:59,Minor,49.28858465,-123.1261904,Single Cyl,
2015-12-22,,Minor,49.26189129,-123.0337576,Mot-Cyl,
2015-12-16,6:00-8:59,Minor,49.27759254,-123.0727586,Cyl-Cyl,
2015-12-16,6:00-8:59,Minor,49.20457485,-123.1303776,Single Cyl,
2015-12-16,3:00-5:59,Minor,49.23034757,-123.1319689,Single Cyl,
2015-12-14,15:00-17:59,Severe,49.28128246,-123.0741199,Cyl-Cyl,
2015-12-12,12:00-14:59,Minor,49.21445864,-123.130047,Cyl-Unk,
2015-12-10,18:00-20:59,Minor,49.2102549,-123.0677849,Cyl-Unk,
2015-12-09,,Minor,49.20570946,-123.1347012,Single Cyl,
2015-11-30,6:00-8:59,Severe,49.26637314,-123.0988085,Single Cyl,
2015-11-28,12:00-14:59,Severe,49.23380638,-123.1238624,Single Cyl,
2015-11-26,18:00-20:59,Severe,49.25849829,-123.1070335,Cyl-Ped,
2015-11-26,6:00-8:59,Minor,49.24977569,-123.1592885,Single Cyl,
2015-11-26,,Minor,49.26238234,-123.1230414,Single Cyl,
2015-11-14,12:00-14:59,Minor,49.2635595,-123.1360969,Cyl-Cyl,
2015-11-09,15:00-17:59,Severe,49.26241202,-123.0813672,Cyl-Ped,
2015-11-05,9:00-11:59,Minor,49.24852516,-123.0800274,Single Cyl,
2015-10-30,6:00-8:59,Minor,49.20570946,-123.1347012,Single Cyl,
2015-10-25,,Minor,49.23296729,-123.0430923,Single Cyl,
2015-10-21,15:00-17:59,Minor,49.25100719,-123.0900683,Single Cyl,
2015-10-18,0:00-2:59,Minor,49.24988455,-123.0761063,Cyl-Unk,
2015-10-18,18:00-20:59,Minor,49.23273115,-123.0784138,Single Cyl,
2015-10-17,12:00-14:59,Minor,49.22566311,-123.101632,Cyl-Unk,
2015-10-16,,Minor,49.24848074,-123.0761522,Cyl-Unk,
2015-10-14,,Minor,49.28409347,-123.0995268,Cyl-Ped,
2015-10-14,,Severe,49.24843667,-123.0722098,Cyl-Unk,
2015-10-13,,Minor,49.28772594,-123.1274885,Single Cyl,
2015-10-11,12:00-14:59,Severe,49.28022436,-123.0565595,Cyl-Unk,
2015-10-11,,Minor,49.26628101,-123.086986,Cyl-Unk,
2015-10-09,0:00-2:59,Minor,49.26314668,-123.1109617,Cyl-Unk,
2015-10-06,,Minor,49.26035998,-123.1130055,Cyl-Cyl,
2015-10-06,18:00-20:59,Minor,49.22472013,-123.1016646,Single Cyl,
2015-10-05,18:00-20:59,Minor,49.26238115,-123.0775006,Cyl-Cyl,
2015-10-05,,Minor,49.20855867,-123.1421857,Cyl-Ped,
2015-10-03,12:00-14:59,Minor,49.21845771,-123.1018948,Cyl-Unk,
2015-10-02,15:00-17:59,Minor,49.26836797,-123.1683125,Cyl-Unk,
2015-09-30,18:00-20:59,Severe,49.23433032,-123.139588,Cyl-Unk,
2015-09-29,9:00-11:59,Minor,49.23318396,-123.0340375,Cyl-Cyl,
2015-09-29,12:00-14:59,Minor,49.27156176,-123.13456,Cyl-Unk,
2015-09-27,0:00-2:59,Minor,49.26530787,-123.1360318,Cyl-Unk,
2015-09-21,12:00-14:59,Severe,49.27536296,-123.1299131,Single Cyl,
2015-09-19,,Minor,49.27232269,-123.0786922,Single Cyl,
2015-09-18,,Minor,49.26023756,-123.1030787,Single Cyl,
2015-09-16,9:00-11:59,Minor,49.2486426,-123.0901571,Cyl-Ped,
2015-09-16,,Minor,49.26314668,-123.1109617,Single Cyl,
2015-09-15,,Severe,49.27970704,-123.1076172,Cyl-Cyl,
2015-09-15,12:00-14:59,Minor,49.2291428,-123.0892826,Cyl-Ped,
2015-09-11,15:00-17:59,Minor,49.21230528,-123.1170248,Single Cyl,
2015-09-10,0:00-2:59,Minor,49.26916794,-123.1006969,Single Cyl,
2015-09-09,15:00-17:59,Minor,49.21812717,-123.0770252,Cyl-Cyl,
2015-09-08,15:00-17:59,Minor,49.26285921,-123.099514,Cyl-Ped,
2015-09-08,15:00-17:59,Minor,49.26329845,-123.1198719,Single Cyl,
2015-09-07,,Minor,49.26231941,-123.0697627,Cyl-Unk,
2015-09-03,15:00-17:59,Minor,49.23685247,-123.0768903,Cyl-Unk,
2015-09-03,12:00-14:59,Minor,49.2647837,-123.1108908,Cyl-Unk,
2015-08-23,9:00-11:59,Minor,49.21314365,-123.140369,Single Cyl,
2015-08-22,15:00-17:59,Minor,49.21812717,-123.0770252,Cyl-Unk,
2015-08-22,,Minor,49.21712053,-123.1292895,Single Cyl,
2015-08-19,,Minor,49.24041175,-123.0969226,Cyl-Cyl,
2015-08-19,9:00-11:59,Minor,49.22649414,-123.197441,Cyl-Unk,
2015-08-19,18:00-20:59,Minor,49.23299577,-123.0972145,Cyl-Unk,
2015-08-18,6:00-8:59,Minor,49.23380638,-123.1238624,Cyl-Ped,
2015-08-18,18:00-20:59,Minor,49.26201146,-123.0495782,Single Cyl,
2015-08-16,18:00-20:59,Minor,49.24002845,-123.0653276,Cyl-Unk,
2015-08-13,9:00-11:59,Minor,49.24455757,-123.0339806,Single Cyl,
2015-08-13,18:00-20:59,Minor,49.27759254,-123.0727586,Single Cyl,
2015-08-12,18:00-20:59,Minor,49.26794008,-123.1408584,Cyl-Ped,
2015-08-12,6:00-8:59,Minor,49.28139328,-123.1370641,Cyl-Unk,
2015-08-12,,Minor,49.26905724,-123.2119508,Single Cyl,
2015-08-11,,Minor,49.21230528,-123.1170248,Cyl-Cyl,
2015-08-11,18:00-20:59,Severe,49.27226817,-123.1855663,Cyl-Cyl,
2015-08-09,9:00-11:59,Minor,49.24941352,-123.1390837,Cyl-Unk,
2015-08-07,15:00-17:59,Minor,49.25953015,-123.065947,Cyl-Unk,
2015-08-07,12:00-14:59,Minor,49.26171104,-123.1386286,Single Cyl,
2015-08-05,21:00-23:59,Minor,49.24702399,-123.1155094,Cyl-Unk,
2015-08-03,3:00-5:59,Minor,49.26055847,-123.0814057,Single Cyl,
2015-08-03,,Minor,49.27277625,-123.1000281,Single Cyl,
2015-08-02,15:00-17:59,Minor,49.27538076,-123.137183,Cyl-Unk,
2015-08-02,,Minor,49.24565534,-123.0968616,Cyl-Unk,
2015-08-02,21:00-23:59,Minor,49.26407036,-123.1681743,Cyl-Unk,
2015-08-01,15:00-17:59,Minor,49.25658427,-123.1012275,Single Cyl,
2015-07-31,12:00-14:59,Severe,49.23354342,-123.1161922,Single Cyl,
2015-07-31,,Minor,49.27753459,-123.0656161,Single Cyl,
2015-07-29,12:00-14:59,Minor,49.20847126,-123.1302457,Cyl-Ped,
2015-07-29,21:00-23:59,Minor,49.27649421,-123.1330893,Cyl-Unk,
2015-07-28,15:00-17:59,Minor,49.24020915,-123.076405,Cyl-Cyl,
2015-07-24,3:00-5:59,Minor,49.22521852,-123.0699241,Cyl-Unk,
2015-07-21,,Minor,49.2217975,-123.0774229,Single Cyl,
2015-07-19,0:00-2:59,Minor,49.26352062,-123.1337262,Single Cyl,
2015-07-18,18:00-20:59,Minor,49.26352062,-123.1337262,Single Cyl,
2015-07-17,9:00-11:59,Minor,49.28764315,-123.1162319,Cyl-Unk,
2015-07-16,,Minor,49.26869782,-123.0696375,Cyl-Ped,
2015-07-15,,Minor,49.26251786,-123.0945002,Cyl-Ped,
2015-07-15,,Minor,49.2665932,-123.1108123,Cyl-Unk,
2015-07-15,21:00-23:59,Minor,49.24143454,-123.1278187,Single Cyl,
2015-07-11,,Minor,49.27970704,-123.1076172,Single Cyl,
2015-07-10,6:00-8:59,Minor,49.26758098,-123.0546924,Cyl-Cyl,
2015-07-08,,Severe,49.20966799,-123.1182476,Cyl-Unk,
2015-07-06,,Minor,49.25406239,-123.0521797,Single Cyl,
2015-07-06,15:00-17:59,Minor,49.26916794,-123.1006969,Single Cyl,
2015-07-04,9:00-11:59,Minor,49.22737265,-123.090706,Cyl-Cyl,
2015-07-04,15:00-17:59,Minor,49.26195192,-123.0442822,Cyl-Unk,
2015-07-02,,Minor,49.26833515,-123.1187092,Cyl-Cyl,
2015-07-01,21:00-23:59,Minor,49.26108859,-123.0982756,Single Cyl,
2015-06-30,,Minor,49.27156176,-123.13456,Cyl-Cyl,
2015-06-30,,Minor,49.26407036,-123.1681743,Cyl-Unk,
2015-06-30,,Minor,49.26462026,-123.1018901,Cyl-Unk,
2015-06-30,,Minor,49.26517499,-123.1277235,Single Cyl,
2015-06-28,,Minor,49.26456509,-123.0988854,Single Cyl,
2015-06-26,15:00-17:59,Minor,49.26424284,-123.0784298,Cyl-Ped,
2015-06-26,6:00-8:59,Minor,49.25658427,-123.1012275,Single Cyl,
2015-06-25,12:00-14:59,Minor,49.27676634,-123.0998475,Single Cyl,
2015-06-24,0:00-2:59,Severe,49.24027466,-123.0860438,Cyl-Cyl,
2015-06-22,15:00-17:59,Minor,49.2444751,-123.063702,Cyl-Cyl,
2015-06-21,12:00-14:59,Minor,49.2325483,-123.1281222,Cyl-Unk,
2015-06-20,0:00-2:59,Minor,49.25803115,-123.1412282,Cyl-Unk,
2015-06-20,6:00-8:59,Minor,49.23477027,-123.1937221,Single Cyl,
2015-06-20,18:00-20:59,Minor,49.24792187,-123.2021883,Single Cyl,
2015-06-19,18:00-20:59,Minor,49.28128246,-123.0741199,Cyl-Unk,
2015-06-18,18:00-20:59,Minor,49.28384191,-123.0703315,Single Cyl,
2015-06-17,18:00-20:59,Minor,49.28264636,-123.1097548,Single Cyl,
2015-06-16,21:00-23:59,Severe,49.31555276,-123.138343,Cyl-Unk,
2015-06-16,15:00-17:59,Minor,49.26340646,-123.1265892,Single Cyl,
2015-06-15,15:00-17:59,Minor,49.26329845,-123.1198719,Cyl-Unk,
2015-06-15,15:00-17:59,Minor,49.23415345,-123.0358766,Single Cyl,
2015-06-14,12:00-14:59,Severe,49.2298159,-123.1163429,Single Cyl,
2015-06-13,9:00-11:59,Severe,49.28043451,-123.1022971,Cyl-Cyl,
2015-06-13,12:00-14:59,Minor,49.26291341,-123.1009596,Cyl-Ped,
2015-06-11,,Minor,49.20862417,-123.1405199,Cyl-Unk,
2015-06-11,9:00-11:59,Minor,49.21312305,-123.1390255,Single Cyl,
2015-06-10,0:00-2:59,Minor,49.2320728,-123.0655556,Single Cyl,
2015-06-10,15:00-17:59,Minor,49.25671752,-123.0898541,Single Cyl,
2015-06-09,18:00-20:59,Minor,49.27265418,-123.1597114,Single Cyl,
2015-06-09,9:00-11:59,Severe,49.23674424,-123.1279788,Single Cyl,
2015-06-08,18:00-20:59,Minor,49.29147651,-123.1354342,Cyl-Ped,
2015-06-08,6:00-8:59,Minor,49.26189129,-123.0337576,Cyl-Unk,
2015-06-08,18:00-20:59,Severe,49.26531038,-123.1147416,Cyl-Unk,
2015-06-06,,Minor,49.26171104,-123.1386286,Cyl-Cyl,
2015-06-05,18:00-20:59,Minor,49.23328719,-123.1094262,Cyl-Unk,
2015-06-05,,Minor,49.24028606,-123.0879691,Single Cyl,
2015-05-31,12:00-14:59,Minor,49.24617128,-123.1852216,Single Cyl,
2015-05-30,0:00-2:59,Minor,49.26519771,-123.0793788,Cyl-Unk,
2015-05-29,6:00-8:59,Minor,49.2847661,-123.0235204,Cyl-Unk,
2015-05-27,,Minor,49.21845771,-123.1018948,Single Cyl,
2015-05-27,15:00-17:59,Minor,49.2635595,-123.1360969,Single Cyl,
2015-05-27,,Minor,49.25817077,-123.0442814,Single Cyl,
2015-05-26,12:00-14:59,Minor,49.21845771,-123.1018948,Single Cyl,
2015-05-25,6:00-8:59,Minor,49.26607113,-123.131261,Cyl-Unk,
2015-05-25,9:00-11:59,Minor,49.26946941,-123.0364299,Cyl-Unk,
2015-05-24,,Minor,49.28392439,-123.063586,Single Cyl,
2015-05-23,12:00-14:59,Minor,49.280528,-123.1249743,Cyl-Unk,
2015-05-22,0:00-2:59,Minor,49.23061387,-123.1397173,Single Cyl,
2015-05-20,21:00-23:59,Minor,49.25839381,-123.1011524,Cyl-Unk,
2015-05-19,18:00-20:59,Minor,49.23289146,-123.0905577,Cyl-Unk,
2015-05-18,,Minor,49.24804255,-123.1786053,Single Cyl,
2015-05-13,15:00-17:59,Minor,49.24676737,-123.0686065,Cyl-Unk,
2015-05-11,,Minor,49.23354342,-123.1161922,Cyl-Cyl,
2015-05-11,,Minor,49.24220785,-123.0666347,Single Cyl,
2015-05-11,6:00-8:59,Minor,49.26715831,-123.1456298,Single Cyl,
2015-05-10,,Severe,49.23702403,-123.0904453,Cyl-Unk,
2015-05-09,9:00-11:59,Minor,49.24399049,-123.0566541,Single Cyl,
2015-05-08,15:00-17:59,Minor,49.25011309,-123.0760987,Cyl-Unk,
2015-05-06,,Minor,49.27492352,-123.0999329,Single Cyl,
2015-05-05,21:00-23:59,Severe,49.27664069,-123.0683715,Cyl-Cyl,
2015-05-03,18:00-20:59,Minor,49.26864981,-123.0638379,Cyl-Ped,
2015-05-02,9:00-11:59,Minor,49.27861606,-123.1220219,Cyl-Unk,
2015-04-30,12:00-14:59,Severe,49.26836797,-123.1683125,Cyl-Ped,
2015-04-28,12:00-14:59,Minor,49.27909366,-123.056566,Cyl-Ped,
2015-04-26,,Severe,49.21101282,-123.0911022,Cyl-Unk,
2015-04-25,9:00-11:59,Severe,49.225329,-123.080051,Single Cyl,
2015-04-20,6:00-8:59,Minor,49.2330791,-123.1015186,Cyl-Unk,
2015-04-18,9:00-11:59,Minor,49.24143454,-123.1278187,Single Cyl,
2015-04-16,9:00-11:59,Minor,49.26945987,-123.0336927,Single Cyl,
2015-04-15,,Minor,49.27985054,-123.1105509,Single Cyl,
2015-04-14,,Minor,49.24883036,-123.1040928,Cyl-Cyl,
2015-04-13,6:00-8:59,Minor,49.26959959,-123.0696217,Cyl-Unk,
2015-04-10,,Minor,49.21812717,-123.0770252,Single Cyl,
2015-04-09,18:00-20:59,Minor,49.26238115,-123.0775006,Cyl-Unk,
2015-04-09,,Minor,49.26407036,-123.1681743,Single Cyl,
2015-04-03,21:00-23:59,Minor,49.24143454,-123.1278187,Single Cyl,
2015-04-02,6:00-8:59,Severe,49.23570178,-123.1853209,Cyl-Unk,
2015-04-01,9:00-11:59,Minor,49.25326833,-123.0899824,Cyl-Ped,
2015-03-26,6:00-8:59,Minor,49.27752186,-123.066984,Cyl-Cyl,
2015-03-25,9:00-11:59,Minor,49.24050232,-123.1014864,Cyl-Cyl,
2015-03-20,0:00-2:59,Severe,49.22715826,-123.1551522,Cyl-Ped,
2015-03-20,6:00-8:59,Minor,49.27762869,-123.0757076,Cyl-Unk,
2015-03-20,9:00-11:59,Minor,49.26296007,-123.1029608,Cyl-Unk,
2015-03-19,0:00-2:59,Minor,49.27676634,-123.0998475,Single Cyl,
2015-03-14,,Minor,49.26485742,-123.1147614,Cyl-Ped,
2015-03-14,,Minor,49.26428832,-123.0842314,Single Cyl,
2015-03-12,,Minor,49.26020101,-123.101075,Cyl-Unk,
2015-03-11,21:00-23:59,Minor,49.22018017,-123.0412907,Cyl-Unk,
2015-03-10,,Minor,49.25743336,-123.0918086,Single Cyl,
2015-03-09,18:00-20:59,Minor,49.28113855,-123.0493305,Single Cyl,
2015-03-01,9:00-11:59,Minor,49.21835069,-123.0963108,Cyl-Unk,
2015-02-27,0:00-2:59,Minor,49.25956122,-123.0698156,Cyl-Cyl,
2015-02-20,3:00-5:59,Minor,49.21920398,-123.1285906,Cyl-Cyl,
2015-02-20,12:00-14:59,Minor,49.24516447,-123.0651533,Cyl-Ped,
2015-02-15,9:00-11:59,Minor,49.26538644,-123.140954,Single Cyl,
2015-02-13,18:00-20:59,Minor,49.26950746,-123.0533938,Cyl-Ped,
2015-02-10,15:00-17:59,Minor,49.26560342,-123.2105567,Cyl-Unk,
2015-02-07,,Minor,49.24516447,-123.0651533,Single Cyl,
2015-02-06,,Minor,49.23633657,-123.1016352,Cyl-Ped,
2015-02-06,15:00-17:59,Minor,49.26171104,-123.1386286,Cyl-Unk,
2015-02-01,12:00-14:59,Minor,49.21588565,-123.1402735,Cyl-Unk,
2015-02-01,,Severe,49.23271452,-123.077031,Single Cyl,
2015-01-30,21:00-23:59,Minor,49.23333113,-123.1107373,Single Cyl,
2015-01-29,21:00-23:59,Minor,49.24874254,-123.0761437,Cyl-Unk,
2015-01-24,9:00-11:59,Minor,49.26731409,-123.1007751,Cyl-Unk,
2015-01-22,9:00-11:59,Minor,49.23253884,-123.1162345,Cyl-Unk,
2015-01-06,6:00-8:59,Minor,49.29259463,-123.1337401,Cyl-Ped,
2014-12-26,18:00-20:59,Minor,49.22599322,-123.0907574,Single Cyl,
2014-12-22,,Minor,49.24520314,-123.1533435,Single Cyl,
2014-12-20,6:00-8:59,Minor,49.2486426,-123.0901571,Single Cyl,
2014-12-14,18:00-20:59,Severe,49.23450086,-123.1506279,Cyl-Ped,
2014-12-14,9:00-11:59,Severe,49.26359788,-123.1385577,Cyl-Unk,
2014-12-10,18:00-20:59,Minor,49.28228489,-123.0996065,Cyl-Ped,
2014-12-05,9:00-11:59,Minor,49.23354342,-123.1161922,Cyl-Unk,
2014-12-04,18:00-20:59,Minor,49.22688141,-123.1374447,Cyl-Ped,
2014-11-28,18:00-20:59,Minor,49.26382852,-123.1529276,Cyl-Unk,
2014-11-20,18:00-20:59,Minor,49.22558116,-123.0975287,Cyl-Cyl,
2014-11-15,9:00-11:59,Severe,49.21298808,-123.1300958,Single Cyl,
2014-11-14,12:00-14:59,Minor,49.31555276,-123.138343,Single Cyl,
2014-11-14,,Minor,49.27762869,-123.0757076,Single Cyl,
2014-11-13,18:00-20:59,Minor,49.20292174,-123.077401,Cyl-Ped,
2014-11-12,15:00-17:59,Minor,49.26229011,-123.0658946,Single Cyl,
2014-11-11,,Minor,49.26235011,-123.0736309,Single Cyl,
2014-11-09,15:00-17:59,Minor,49.23354342,-123.1161922,Cyl-Cyl,
2014-11-06,15:00-17:59,Minor,49.21112985,-123.0830764,Single Cyl,
2014-11-04,12:00-14:59,Minor,49.23765694,-123.1279477,Single Cyl,
2014-10-30,12:00-14:59,Minor,49.26201051,-123.1009977,Cyl-Unk,
2014-10-29,21:00-23:59,Minor,49.21935069,-123.1401475,Cyl-Cyl,
2014-10-27,15:00-17:59,Severe,49.23594287,-123.042316,Cyl-Ped,
2014-10-25,,Minor,49.24899082,-123.1154061,Cyl-Cyl,
2014-10-25,9:00-11:59,Severe,49.2696471,-123.0754254,Single Cyl,
2014-10-24,,Severe,49.25747283,-123.0984,Single Cyl,
2014-10-23,6:00-8:59,Minor,49.225329,-123.080051,Cyl-Unk,
2014-10-18,,Minor,49.28376446,-123.1200828,Cyl-Ped,
2014-10-17,12:00-14:59,Minor,49.21810784,-123.073986,Cyl-Ped,
2014-10-17,21:00-23:59,Minor,49.24186874,-123.1393225,Cyl-Unk,
2014-10-17,9:00-11:59,Minor,49.26340646,-123.1265892,Cyl-Unk,
2014-10-13,21:00-23:59,Minor,49.23408158,-123.1550265,Cyl-Ped,
2014-10-12,0:00-2:59,Minor,49.2758799,-123.1242361,Cyl-Unk,
2014-10-10,,Minor,49.24410765,-123.1533844,Cyl-Cyl,
2014-10-10,,Minor,49.24848074,-123.0761522,Single Cyl,
2014-10-05,15:00-17:59,Severe,49.26147817,-123.0833212,Single Cyl,
2014-10-04,,Minor,49.21601992,-123.1355098,Single Cyl,
2014-10-02,21:00-23:59,Minor,49.22566311,-123.101632,Cyl-Cyl,
2014-10-01,6:00-8:59,Minor,49.24303856,-123.0763224,Single Cyl,
2014-10-01,15:00-17:59,Minor,49.26226144,-123.0620261,Single Cyl,
2014-09-30,,Minor,49.27908001,-123.1291811,Single Cyl,
2014-09-27,,Minor,49.26945987,-123.0336927,Cyl-Cyl,
2014-09-24,,Minor,49.22611395,-123.1164924,Cyl-Cyl,
2014-09-23,9:00-11:59,Minor,49.27715047,-123.1261986,Cyl-Cyl,
2014-09-23,9:00-11:59,Minor,49.20968952,-123.0661113,Single Cyl,
2014-09-21,9:00-11:59,Minor,49.26859673,-123.099659,Single Cyl,
2014-09-17,0:00-2:59,Minor,49.23296729,-123.0430923,Cyl-Ped,
2014-09-17,12:00-14:59,Minor,49.25971654,-123.0891632,Cyl-Ped,
2014-09-16,6:00-8:59,Minor,49.21465262,-123.0801162,Cyl-Unk,
2014-09-16,,Severe,49.27857845,-123.0997723,Single Cyl,
2014-09-13,3:00-5:59,Minor,49.27970704,-123.1076172,Single Cyl,
2014-09-13,3:00-5:59,Minor,49.23061387,-123.1397173,Single Cyl,
2014-09-12,0:00-2:59,Minor,49.28024355,-123.0669341,Single Cyl,
2014-09-12,15:00-17:59,Minor,49.25656467,-123.0984313,Single Cyl,
2014-09-12,,Severe,49.28318941,-123.0995671,Single Cyl,
2014-09-07,21:00-23:59,Minor,49.25452334,-123.0836762,Cyl-Cyl,
2014-09-05,21:00-23:59,Severe,49.26077176,-123.1386636,Cyl-Unk,
2014-09-02,15:00-17:59,Severe,49.21480591,-123.0236007,Cyl-Ped,
2014-09-02,15:00-17:59,Minor,49.27897703,-123.1333237,Single Cyl,
2014-09-02,6:00-8:59,Minor,49.23271452,-123.077031,Single Cyl,
2014-08-30,6:00-8:59,Minor,49.26023756,-123.1030787,Cyl-Cyl,
2014-08-30,9:00-11:59,Minor,49.26251786,-123.0945002,Cyl-Unk,
2014-08-28,6:00-8:59,Severe,49.24877824,-123.1010372,Cyl-Unk,
2014-08-28,18:00-20:59,Severe,49.22696578,-123.1398433,Cyl-Unk,
2014-08-28,,Minor,49.26945987,-123.0336927,Single Cyl,
2014-08-27,18:00-20:59,Minor,49.25956122,-123.0698156,Cyl-Cyl,
2014-08-26,12:00-14:59,Minor,49.24941352,-123.1390837,Cyl-Ped,
2014-08-25,21:00-23:59,Severe,49.263368,-123.1241905,Single Cyl,
2014-08-23,,Minor,49.21953148,-123.1545187,Cyl-Unk,
2014-08-23,21:00-23:59,Minor,49.26840944,-123.1710657,Cyl-Unk,
2014-08-22,9:00-11:59,Minor,49.26604264,-123.0774275,Cyl-Unk,
2014-08-21,18:00-20:59,Minor,49.24977569,-123.1592885,Single Cyl,
2014-08-21,15:00-17:59,Minor,49.2107292,-123.1301707,Single Cyl,
2014-08-18,18:00-20:59,Severe,49.26326048,-123.117503,Cyl-Cyl,
2014-08-18,12:00-14:59,Minor,49.2650757,-123.0697093,Single Cyl,
2014-08-12,12:00-14:59,Minor,49.31555276,-123.138343,Single Cyl,
2014-08-11,9:00-11:59,Minor,49.2539383,-123.1139108,Cyl-Unk,
2014-08-11,,Minor,49.25003093,-123.1785855,Single Cyl,
2014-08-10,,Severe,49.23278815,-123.0825707,Single Cyl,
2014-08-10,9:00-11:59,Severe,49.27758128,-123.1354328,Single Cyl,
2014-08-09,21:00-23:59,Minor,49.25709273,-123.1412628,Cyl-Unk,
2014-08-09,21:00-23:59,Severe,49.2330791,-123.1015186,Single Cyl,
2014-08-07,18:00-20:59,Severe,49.26017955,-123.0983083,Cyl-Ped,
2014-08-07,21:00-23:59,Minor,49.22529435,-123.0772914,Cyl-Unk,
2014-08-07,,Minor,49.26017955,-123.0983083,Single Cyl,
2014-08-06,18:00-20:59,Minor,49.25399512,-123.1151945,Cyl-Cyl,
2014-08-03,15:00-17:59,Minor,49.26318198,-123.1128997,Single Cyl,
2014-08-03,15:00-17:59,Minor,49.26318198,-123.1128997,Single Cyl,
2014-08-02,12:00-14:59,Minor,49.27893761,-123.1176877,Single Cyl,
2014-07-31,18:00-20:59,Minor,49.26694759,-123.077409,Single Cyl,
2014-07-30,9:00-11:59,Minor,49.23380638,-123.1238624,Single Cyl,
2014-07-29,18:00-20:59,Severe,49.22598483,-123.1129557,Cyl-Unk,
2014-07-29,,Severe,49.22543984,-123.0879841,Cyl-Unk,
2014-07-27,9:00-11:59,Severe,49.26238115,-123.0775006,Cyl-Cyl,
2014-07-27,9:00-11:59,Minor,49.22675596,-123.0532252,Cyl-Unk,
2014-07-25,,Severe,49.22474187,-123.0410467,Cyl-Cyl,
2014-07-25,0:00-2:59,Minor,49.2101449,-123.1171107,Single Cyl,
2014-07-19,12:00-14:59,Severe,49.25971654,-123.0891632,Single Cyl,
2014-07-17,18:00-20:59,Severe,49.2462248,-123.0699633,Cyl-Cyl,
2014-07-17,,Minor,49.2688411,-123.1420107,Cyl-Ped,
2014-07-17,15:00-17:59,Minor,49.27027702,-123.1094109,Cyl-Unk,
2014-07-13,9:00-11:59,Minor,49.2596221,-123.0775552,Cyl-Unk,
2014-07-13,6:00-8:59,Severe,49.22737265,-123.090706,Single Cyl,
2014-07-12,3:00-5:59,Minor,49.21920398,-123.1285906,Cyl-Cyl,
2014-07-12,12:00-14:59,Minor,49.27751679,-123.0916427,Cyl-Cyl,
2014-07-12,,Minor,49.26020101,-123.101075,Single Cyl,
2014-07-11,15:00-17:59,Minor,49.31555276,-123.138343,Cyl-Unk,
2014-07-09,18:00-20:59,Minor,49.28111839,-123.0791584,Single Cyl,
2014-07-08,,Severe,49.2488886,-123.1074491,Cyl-Cyl,
2014-07-08,18:00-20:59,Minor,49.24000921,-123.0540294,Single Cyl,
2014-07-07,15:00-17:59,Minor,49.27206105,-123.0599028,Cyl-Cyl,
2014-07-07,15:00-17:59,Severe,49.24020915,-123.076405,Cyl-Cyl,
2014-07-07,21:00-23:59,Minor,49.27985054,-123.1105509,Cyl-Unk,
2014-07-05,15:00-17:59,Minor,49.25985093,-123.0965585,Single Cyl,
2014-07-03,18:00-20:59,Minor,49.23271452,-123.077031,Single Cyl,
2014-07-02,18:00-20:59,Minor,49.27538076,-123.137183,Cyl-Cyl,
2014-07-02,,Severe,49.23539531,-123.1161186,Cyl-Ped,
2014-07-01,,Minor,49.2631132,-123.1094531,Cyl-Unk,
2014-07-01,15:00-17:59,Minor,49.26843699,-123.1738209,Single Cyl,
2014-06-30,18:00-20:59,Severe,49.27852567,-123.0970837,Cyl-Cyl,
2014-06-29,18:00-20:59,Minor,49.25839381,-123.1011524,Cyl-Unk,
2014-06-28,18:00-20:59,Minor,49.24068085,-123.0377268,Single Cyl,
2014-06-26,6:00-8:59,Minor,49.24256141,-123.0902975,Cyl-Cyl,
2014-06-26,18:00-20:59,Minor,49.23456768,-123.1550098,Cyl-Unk,
2014-06-21,12:00-14:59,Severe,49.26100334,-123.153034,Single Cyl,
2014-06-19,,Minor,49.25671752,-123.0898541,Single Cyl,
2014-06-18,0:00-2:59,Minor,49.25006258,-123.1127863,Cyl-Cyl,
2014-06-18,0:00-2:59,Minor,49.24874254,-123.0761437,Cyl-Cyl,
2014-06-17,6:00-8:59,Minor,49.24002845,-123.0653276,Single Cyl,
2014-06-16,,Minor,49.26110495,-123.1010364,Cyl-Ped,
2014-06-14,12:00-14:59,Severe,49.24877824,-123.1010372,Single Cyl,
2014-06-13,21:00-23:59,Minor,49.26988031,-123.0980776,Single Cyl,
2014-06-12,,Minor,49.20698642,-123.1346548,Single Cyl,
2014-06-12,12:00-14:59,Minor,49.26340063,-123.1808802,Single Cyl,
2014-06-11,,Minor,49.23539531,-123.1161186,Cyl-Ped,
2014-06-10,,Minor,49.26291341,-123.1009596,Single Cyl,
2014-06-08,18:00-20:59,Minor,49.2330791,-123.1015186,Single Cyl,
2014-06-07,18:00-20:59,Minor,49.27255938,-123.1537879,Cyl-Ped,
2014-06-07,15:00-17:59,Minor,49.28123838,-123.1084552,Cyl-Unk,
2014-06-06,9:00-11:59,Severe,49.24897211,-123.0733508,Single Cyl,
2014-06-03,,Minor,49.23581782,-123.0409118,Cyl-Unk,
2014-06-02,18:00-20:59,Minor,49.2298159,-123.1163429,Cyl-Ped,
2014-06-02,,Minor,49.27386837,-123.1148615,Cyl-Ped,
2014-05-31,15:00-17:59,Minor,49.26247366,-123.0891189,Cyl-Cyl,
2014-05-26,,Minor,49.2619034,-123.0377797,Single Cyl,
2014-04-30,6:00-8:59,Minor,49.21288192,-123.0770983,Cyl-Unk,
2014-04-29,15:00-17:59,Minor,49.27805547,-123.1061483,Cyl-Cyl,
2014-04-29,,Minor,49.24996042,-123.1074027,Single Cyl,
2014-04-27,15:00-17:59,Severe,49.25896532,-123.0566071,Single Cyl,
2014-04-26,3:00-5:59,Minor,49.21737186,-123.1402175,Cyl-Unk,
2014-04-25,,Minor,49.28460194,-123.12482,Single Cyl,
2014-04-24,12:00-14:59,Minor,49.2107292,-123.1301707,Cyl-Ped,
2014-04-22,,Minor,49.27731273,-123.0792765,Cyl-Unk,
2014-04-21,,Severe,49.26862298,-123.1857025,Single Cyl,
2014-04-19,18:00-20:59,Minor,49.26735057,-123.1027788,Single Cyl,
2014-04-14,15:00-17:59,Minor,49.26251786,-123.0945002,Cyl-Unk,
2014-04-12,0:00-2:59,Minor,49.26889831,-123.1456172,Cyl-Unk,
2014-04-12,3:00-5:59,Minor,49.25971654,-123.0891632,Single Cyl,
2014-04-08,,Minor,49.26821814,-123.1007371,Single Cyl,
2014-04-07,15:00-17:59,Minor,49.25364191,-123.0495605,Cyl-Ped,
2014-04-04,15:00-17:59,Minor,49.2486426,-123.0901571,Cyl-Unk,
2014-04-02,,Minor,49.25660354,-123.075868,Single Cyl,
2014-03-29,,Minor,49.26826738,-123.1115106,Single Cyl,
2014-03-28,12:00-14:59,Minor,49.27301231,-123.0656876,Single Cyl,
2014-03-27,9:00-11:59,Minor,49.28302436,-123.0645734,Cyl-Unk,
2014-03-26,,Minor,49.21712053,-123.1292895,Cyl-Unk,
2014-03-21,,Minor,49.26826217,-123.1610598,Cyl-Ped,
2014-03-20,,Severe,49.27156176,-123.13456,Cyl-Unk,
2014-03-18,,Minor,49.27492352,-123.0999329,Single Cyl,
2014-03-17,15:00-17:59,Severe,49.2537073,-123.170121,Cyl-Cyl,
2014-03-15,0:00-2:59,Minor,49.26688469,-123.0696735,Cyl-Cyl,
2014-03-12,18:00-20:59,Minor,49.26214928,-123.0566011,Cyl-Unk,
2014-03-08,18:00-20:59,Minor,49.2840376,-123.1119042,Single Cyl,
2014-03-06,15:00-17:59,Minor,49.26359788,-123.1385577,Cyl-Unk,
2014-02-27,12:00-14:59,Minor,49.28364146,-123.099547,Cyl-Ped,
2014-02-27,,Severe,49.26813104,-123.1527662,Single Cyl,
2014-02-17,,Minor,49.26889831,-123.1456172,Cyl-Cyl,
2014-02-15,21:00-23:59,Minor,49.23751127,-123.0653975,Cyl-Unk,
2014-02-11,12:00-14:59,Minor,49.25388791,-123.1008753,Cyl-Ped,
2014-02-11,6:00-8:59,Minor,49.26340797,-123.0871579,Cyl-Unk,
2014-02-11,6:00-8:59,Minor,49.22696578,-123.1398433,Single Cyl,
2014-02-11,,Minor,49.23433032,-123.139588,Single Cyl,
2014-02-09,18:00-20:59,Minor,49.26896294,-123.2058731,Cyl-Unk,
2014-02-08,18:00-20:59,Minor,49.225329,-123.080051,Cyl-Ped,
2014-01-31,15:00-17:59,Minor,49.23474503,-123.1730446,Cyl-Ped,
2014-01-31,21:00-23:59,Minor,49.27326725,-123.0494078,Single Cyl,
2014-01-24,,Minor,49.21693867,-123.1168544,Cyl-Ped,
2014-01-23,12:00-14:59,Minor,49.21288192,-123.0770983,Cyl-Ped,
2014-01-16,18:00-20:59,Minor,49.20292174,-123.077401,Cyl-Cyl,
2014-01-16,15:00-17:59,Minor,49.25535826,-123.156801,Cyl-Ped,
2014-01-14,18:00-20:59,Minor,49.28231534,-123.0812571,Single Cyl,
2014-01-13,21:00-23:59,Minor,49.25749184,-123.0997963,Cyl-Unk,
2014-01-10,,Minor,49.24020915,-123.076405,Cyl-Cyl,
2014-01-08,9:00-11:59,Minor,49.23478931,-123.0905074,Cyl-Unk,
2014-01-06,12:00-14:59,Severe,49.27842008,-123.128161,Cyl-Ped,
2014-01-05,,Severe,49.24522141,-123.1852303,Single Cyl,
2014-01-02,21:00-23:59,Severe,49.24626429,-123.0338278,Cyl-Ped,
2013-12-30,18:00-20:59,Minor,49.26238115,-123.0775006,Cyl-Unk,
2013-12-28,0:00-2:59,Minor,49.26417188,-123.0697267,Cyl-Unk,
2013-12-20,,Minor,49.22643604,-123.1251566,Cyl-Unk,
2013-12-19,12:00-14:59,Minor,49.26171104,-123.1386286,Single Cyl,
2013-12-18,12:00-14:59,Minor,49.20929612,-123.0780302,Single Cyl,
2013-12-06,6:00-8:59,Minor,49.26226144,-123.0620261,Cyl-Unk,
2013-11-27,,Minor,49.26959959,-123.0696217,Cyl-Cyl,
2013-11-27,9:00-11:59,Minor,49.23539531,-123.1161186,Cyl-Unk,
2013-11-26,6:00-8:59,Minor,49.23452274,-123.1520497,Single Cyl,
2013-11-22,9:00-11:59,Minor,49.28224062,-123.1244039,Cyl-Cyl,
2013-11-17,9:00-11:59,Minor,49.26195192,-123.0442822,Cyl-Unk,
2013-11-13,,Minor,49.24356487,-123.0618096,Cyl-Unk,
2013-11-13,9:00-11:59,Minor,49.24188342,-123.05813,Cyl-Unk,
2013-11-11,15:00-17:59,Minor,49.2633302,-123.1218226,Cyl-Unk,
2013-11-10,9:00-11:59,Minor,49.26518503,-123.0774453,Cyl-Cyl,
2013-11-09,3:00-5:59,Minor,49.25671752,-123.0898541,Cyl-Unk,
2013-11-08,,Minor,49.27755503,-123.0935874,Single Cyl,
2013-11-06,12:00-14:59,Minor,49.23271452,-123.077031,Single Cyl,
2013-11-03,,Minor,49.23296729,-123.0430923,Single Cyl,
2013-11-02,18:00-20:59,Minor,49.24923156,-123.1275464,Cyl-Ped,
2013-11-02,,Minor,49.24068085,-123.0377268,Single Cyl,
2013-11-02,9:00-11:59,Minor,49.26371381,-123.1457578,Single Cyl,
2013-10-30,12:00-14:59,Minor,49.26656795,-123.1094328,Single Cyl,
2013-10-30,12:00-14:59,Minor,49.26656795,-123.1094328,Single Cyl,
2013-10-28,12:00-14:59,Minor,49.27755503,-123.0935874,Single Cyl,
2013-10-28,12:00-14:59,Minor,49.27755503,-123.0935874,Single Cyl,
2013-10-27,,Minor,49.24108389,-123.1184367,Single Cyl,
2013-10-27,,Minor,49.24108389,-123.1184367,Single Cyl,
2013-10-24,,Severe,49.26959959,-123.0696217,Cyl-Cyl,
2013-10-24,,Severe,49.26959959,-123.0696217,Cyl-Cyl,
2013-10-21,12:00-14:59,Minor,49.22696578,-123.1398433,Cyl-Unk,
2013-10-21,12:00-14:59,Minor,49.22696578,-123.1398433,Cyl-Unk,
2013-10-20,,Severe,49.22611395,-123.1164924,Cyl-Unk,
2013-10-20,,Severe,49.22611395,-123.1164924,Cyl-Unk,
2013-10-19,21:00-23:59,Severe,49.24259003,-123.0915558,Cyl-Unk,
2013-10-19,21:00-23:59,Severe,49.24259003,-123.0915558,Cyl-Unk,
2013-10-19,9:00-11:59,Minor,49.26201669,-123.0547034,Cyl-Unk,
2013-10-19,9:00-11:59,Minor,49.26201669,-123.0547034,Cyl-Unk,
2013-10-17,,Minor,49.22547178,-123.0907739,Cyl-Unk,
2013-10-17,,Minor,49.22547178,-123.0907739,Cyl-Unk,
2013-10-16,,Minor,49.26917956,-123.0735007,Cyl-Ped,
2013-10-16,,Minor,49.26917956,-123.0735007,Cyl-Ped,
2013-10-13,,Minor,49.23473669,-123.1673766,Cyl-Unk,
2013-10-13,,Minor,49.23473669,-123.1673766,Cyl-Unk,
2013-10-12,15:00-17:59,Severe,49.23433032,-123.139588,Single Cyl,
2013-10-12,15:00-17:59,Severe,49.23433032,-123.139588,Single Cyl,
2013-10-11,6:00-8:59,Minor,49.23333113,-123.1107373,Single Cyl,
2013-10-11,6:00-8:59,Minor,49.23333113,-123.1107373,Single Cyl,
2013-10-10,12:00-14:59,Minor,49.26226144,-123.0620261,Cyl-Ped,
2013-10-10,12:00-14:59,Minor,49.26226144,-123.0620261,Cyl-Ped,
2013-10-09,15:00-17:59,Minor,49.23164475,-123.1162668,Single Cyl,
2013-10-09,15:00-17:59,Minor,49.23164475,-123.1162668,Single Cyl,
2013-10-08,18:00-20:59,Minor,49.23354342,-123.1161922,Cyl-Unk,
2013-10-08,18:00-20:59,Minor,49.23354342,-123.1161922,Cyl-Unk,
2013-10-07,15:00-17:59,Minor,49.24000921,-123.0540294,Cyl-Ped,
2013-10-07,15:00-17:59,Minor,49.24000921,-123.0540294,Cyl-Ped,
2013-10-06,,Minor,49.21920398,-123.1285906,Cyl-Unk,
2013-10-06,,Minor,49.21920398,-123.1285906,Cyl-Unk,
2013-10-06,12:00-14:59,Minor,49.26155599,-123.0930046,Single Cyl,
2013-10-06,12:00-14:59,Minor,49.26155599,-123.0930046,Single Cyl,
2013-10-05,12:00-14:59,Minor,49.27538076,-123.137183,Cyl-Ped,
2013-10-05,12:00-14:59,Minor,49.27538076,-123.137183,Cyl-Ped,
2013-10-05,15:00-17:59,Severe,49.22547178,-123.0907739,Single Cyl,
2013-10-05,15:00-17:59,Severe,49.22547178,-123.0907739,Single Cyl,
2013-10-04,15:00-17:59,Minor,49.23625616,-123.1395231,Cyl-Ped,
2013-10-04,15:00-17:59,Minor,49.23625616,-123.1395231,Cyl-Ped,
2013-10-04,6:00-8:59,Minor,49.22895974,-123.073006,Single Cyl,
2013-10-04,6:00-8:59,Minor,49.22895974,-123.073006,Single Cyl,
2013-10-04,18:00-20:59,Minor,49.21111246,-123.0809961,Single Cyl,
2013-10-04,18:00-20:59,Minor,49.21111246,-123.0809961,Single Cyl,
2013-10-03,,Minor,49.27675575,-123.0772281,Cyl-Cyl,
2013-10-03,,Minor,49.27675575,-123.0772281,Cyl-Cyl,
2013-10-02,18:00-20:59,Severe,49.20768694,-123.1229682,Cyl-Unk,
2013-10-02,18:00-20:59,Severe,49.20768694,-123.1229682,Cyl-Unk,
2013-09-30,,Severe,49.23278598,-123.0487746,Cyl-Ped,
2013-09-28,,Severe,49.22611395,-123.1164924,Single Cyl,
2013-09-26,,Minor,49.28480332,-123.0587315,Cyl-Unk,
2013-09-24,,Minor,49.23085132,-123.155145,Single Cyl,
2013-09-24,,Minor,49.26340646,-123.1265892,Single Cyl,
2013-09-21,12:00-14:59,Minor,49.225329,-123.080051,Single Cyl,
2013-09-19,,Minor,49.22529435,-123.0772914,Single Cyl,
2013-09-17,18:00-20:59,Minor,49.21484491,-123.0910341,Single Cyl,
2013-09-15,12:00-14:59,Minor,49.25671752,-123.0898541,Cyl-Cyl,
2013-09-12,12:00-14:59,Minor,49.21825543,-123.0909531,Cyl-Unk,
2013-09-11,15:00-17:59,Minor,49.20780394,-123.1405475,Cyl-Ped,
2013-09-09,21:00-23:59,Minor,49.24450721,-123.0237842,Cyl-Cyl,
2013-09-09,12:00-14:59,Minor,49.21302932,-123.132837,Cyl-Cyl,
2013-09-08,6:00-8:59,Minor,49.27269174,-123.1620806,Cyl-Unk,
2013-09-08,3:00-5:59,Minor,49.26882184,-123.1408259,Single Cyl,
2013-09-07,,Severe,49.27538076,-123.137183,Single Cyl,
2013-09-05,,Minor,49.22529435,-123.0772914,Cyl-Cyl,
2013-09-04,15:00-17:59,Minor,49.26321841,-123.1148834,Cyl-Unk,
2013-09-04,15:00-17:59,Minor,49.26949777,-123.046944,Cyl-Unk,
2013-09-04,15:00-17:59,Minor,49.26949777,-123.046944,Cyl-Unk,
2013-09-04,12:00-14:59,Minor,49.27989998,-123.1240047,Single Cyl,
2013-09-02,9:00-11:59,Minor,49.25346799,-123.056624,Cyl-Ped,
2013-08-31,12:00-14:59,Minor,49.27443982,-123.1180272,Cyl-Unk,
2013-08-28,,Minor,49.24447754,-123.1013061,Cyl-Unk,
2013-08-26,12:00-14:59,Minor,49.26189129,-123.0337576,Cyl-Cyl,
2013-08-26,15:00-17:59,Minor,49.26118107,-123.1859569,Cyl-Ped,
2013-08-24,15:00-17:59,Minor,49.22529435,-123.0772914,Cyl-Unk,
2013-08-24,,Minor,49.21111246,-123.0809961,Single Cyl,
2013-08-22,0:00-2:59,Minor,49.26610194,-123.1877186,Cyl-Unk,
2013-08-21,9:00-11:59,Severe,49.27757399,-123.0704721,Cyl-Cyl,
2013-08-21,,Minor,49.2339516,-123.1280743,Single Cyl,
2013-08-20,6:00-8:59,Minor,49.23433032,-123.139588,Cyl-Ped,
2013-08-20,6:00-8:59,Minor,49.26235011,-123.0736309,Cyl-Unk,
2013-08-19,,Minor,49.26384757,-123.1541125,Cyl-Unk,
2013-08-19,18:00-20:59,Minor,49.28127588,-123.0964276,Single Cyl,
2013-08-18,15:00-17:59,Severe,49.26896223,-123.2196288,Cyl-Unk,
2013-08-18,15:00-17:59,Minor,49.21458175,-123.0720455,Single Cyl,
2013-08-16,,Minor,49.26959959,-123.0696217,Single Cyl,
2013-08-16,12:00-14:59,Minor,49.25658427,-123.1012275,Single Cyl,
2013-08-13,15:00-17:59,Minor,49.20698642,-123.1346548,Cyl-Unk,
2013-08-13,18:00-20:59,Minor,49.23760254,-123.0488446,Single Cyl,
2013-08-12,6:00-8:59,Minor,49.22547178,-123.0907739,Cyl-Ped,
2013-08-12,21:00-23:59,Minor,49.21737186,-123.1402175,Single Cyl,
2013-08-11,,Minor,49.26199939,-123.0891269,Cyl-Unk,
2013-08-11,9:00-11:59,Minor,49.24455757,-123.0339806,Single Cyl,
2013-08-10,,Minor,49.27228686,-123.0455353,Cyl-Cyl,
2013-08-10,21:00-23:59,Severe,49.22474187,-123.0410467,Single Cyl,
2013-08-09,,Severe,49.26204552,-123.1030015,Cyl-Unk,
2013-08-09,18:00-20:59,Minor,49.25658427,-123.1012275,Single Cyl,
2013-08-08,6:00-8:59,Minor,49.26916794,-123.1006969,Single Cyl,
2013-08-06,12:00-14:59,Severe,49.25956122,-123.0698156,Single Cyl,
2013-08-05,18:00-20:59,Minor,49.2829825,-123.0555624,Cyl-Unk,
2013-08-04,15:00-17:59,Minor,49.2911622,-123.132799,Cyl-Unk,
2013-08-04,21:00-23:59,Minor,49.27798737,-123.1210501,Single Cyl,
2013-08-03,12:00-14:59,Minor,49.23477145,-123.1967112,Single Cyl,
2013-08-01,12:00-14:59,Severe,49.21679372,-123.1402404,Cyl-Cyl,
2013-08-01,,Minor,49.28335783,-123.0732989,Cyl-Ped,
2013-07-31,18:00-20:59,Severe,49.24041175,-123.0969226,Single Cyl,
2013-07-29,15:00-17:59,Minor,49.26382852,-123.1529276,Cyl-Unk,
2013-07-29,14:00:00,Death,49.2606373,-123.1302775,Single Cyl,
2013-07-27,,Minor,49.28607127,-123.1186119,Cyl-Unk,
2013-07-27,15:00-17:59,Minor,49.25971654,-123.0891632,Cyl-Unk,
2013-07-27,15:00-17:59,Minor,49.24000921,-123.0540294,Single Cyl,
2013-07-26,18:00-20:59,Minor,49.2635595,-123.1360969,Cyl-Unk,
2013-07-24,,Minor,49.20507419,-123.1406438,Cyl-Unk,
2013-07-23,,Minor,49.2865884,-123.1178287,Single Cyl,
2013-07-21,18:00-20:59,Minor,49.28138416,-123.1022551,Single Cyl,
2013-07-20,18:00-20:59,Minor,49.24848074,-123.0761522,Single Cyl,
2013-07-19,,Minor,49.26308231,-123.1081416,Cyl-Unk,
2013-07-17,,Minor,49.26329845,-123.1198719,Single Cyl,
2013-07-15,,Minor,49.26731409,-123.1007751,Cyl-Unk,
2013-07-15,,Minor,49.22818885,-123.173597,Single Cyl,
2013-07-14,15:00-17:59,Minor,49.24068085,-123.0377268,Single Cyl,
2013-07-12,18:00-20:59,Minor,49.25433731,-123.1221278,Cyl-Cyl,
2013-07-11,0:00-2:59,Minor,49.22929438,-123.0431213,Cyl-Unk,
2013-07-11,9:00-11:59,Severe,49.25769141,-123.1200697,Single Cyl,
2013-07-11,,Minor,49.27985054,-123.1105509,Single Cyl,
2013-07-10,21:00-23:59,Minor,49.23354342,-123.1161922,Cyl-Unk,
2013-07-06,15:00-17:59,Severe,49.27067999,-123.1466838,Cyl-Unk,
2013-07-04,18:00-20:59,Minor,49.31555276,-123.138343,Single Cyl,
2013-07-03,12:00-14:59,Minor,49.2916711,-123.1335856,Cyl-Unk,
2013-07-02,18:00-20:59,Minor,49.21299907,-123.0910451,Single Cyl,
2013-06-30,21:00-23:59,Minor,49.20292174,-123.077401,Cyl-Unk,
2013-06-30,,Minor,49.27167734,-123.1538196,Single Cyl,
2013-06-28,15:00-17:59,Minor,49.2107292,-123.1301707,Single Cyl,
2013-06-27,12:00-14:59,Minor,49.27364835,-123.2057037,Cyl-Unk,
2013-06-22,3:00-5:59,Severe,49.26150947,-123.0871915,Cyl-Unk,
2013-06-19,9:00-11:59,Minor,49.20292174,-123.077401,Cyl-Cyl,
2013-06-19,15:00-17:59,Minor,49.27737301,-123.0832802,Single Cyl,
2013-06-16,9:00-11:59,Minor,49.20292174,-123.077401,Cyl-Unk,
2013-06-09,9:00-11:59,Minor,49.26211435,-123.1068683,Single Cyl,
2013-06-07,9:00-11:59,Minor,49.24897211,-123.0733508,Cyl-Unk,
2013-06-06,12:00-14:59,Minor,49.22988474,-123.1557319,Single Cyl,
2013-06-06,,Minor,49.25517821,-123.0865516,Single Cyl,
2013-06-04,,Minor,49.21812717,-123.0770252,Cyl-Cyl,
2013-06-04,15:00-17:59,Minor,49.27161334,-123.109354,Cyl-Ped,
2013-06-04,18:00-20:59,Minor,49.26417129,-123.1739763,Cyl-Unk,
2013-06-04,3:00-5:59,Minor,49.24877824,-123.1010372,Single Cyl,
2013-06-03,15:00-17:59,Minor,49.23354342,-123.1161922,Single Cyl,
2013-06-01,21:00-23:59,Minor,49.23415345,-123.0358766,Cyl-Unk,
2013-06-01,18:00-20:59,Minor,49.24068085,-123.0377268,Single Cyl,
2013-05-24,,Minor,49.23642327,-123.0459181,Cyl-Cyl,
2013-05-24,18:00-20:59,Minor,49.26191275,-123.0415679,Single Cyl,
2013-05-23,21:00-23:59,Minor,49.26238115,-123.0775006,Single Cyl,
2013-05-20,,Severe,49.27538076,-123.137183,Cyl-Unk,
2013-05-20,15:00-17:59,Severe,49.2534897,-123.1530341,Single Cyl,
2013-05-19,18:00-20:59,Minor,49.27210784,-123.0657043,Cyl-Unk,
2013-05-18,18:00-20:59,Minor,49.2694567,-123.0236427,Cyl-Ped,
2013-05-17,,Minor,49.21225441,-123.140398,Cyl-Cyl,
2013-05-17,,Minor,49.24799074,-123.1011052,Cyl-Unk,
2013-05-10,12:00-14:59,Minor,49.21467895,-123.1098855,Cyl-Unk,
2013-05-10,6:00-8:59,Minor,49.26385275,-123.2106195,Single Cyl,
2013-05-08,,Minor,49.25985093,-123.0965585,Single Cyl,
2013-05-07,18:00-20:59,Minor,49.25051181,-123.1725232,Cyl-Unk,
2013-05-07,9:00-11:59,Minor,49.2347488,-123.1757305,Single Cyl,
2013-05-07,21:00-23:59,Minor,49.26359787,-123.1939013,Single Cyl,
2013-05-06,9:00-11:59,Minor,49.27373465,-123.12748,Cyl-Unk,
2013-05-06,15:00-17:59,Minor,49.21416033,-123.0910357,Single Cyl,
2013-05-06,12:00-14:59,Minor,49.24020915,-123.076405,Single Cyl,
2013-05-04,3:00-5:59,Minor,49.22073666,-123.1585583,Cyl-Ped,
2013-05-03,21:00-23:59,Severe,49.27308275,-123.1259028,Single Cyl,
2013-05-02,9:00-11:59,Minor,49.22729424,-123.1661771,Cyl-Unk,
2013-04-30,18:00-20:59,Minor,49.28998362,-123.1268026,Cyl-Cyl,
2013-04-30,,Minor,49.21923837,-123.1313011,Cyl-Unk,
2013-04-29,9:00-11:59,Minor,49.22696578,-123.1398433,Cyl-Unk,
2013-04-28,0:00-2:59,Minor,49.263368,-123.1241905,Single Cyl,
2013-04-27,12:00-14:59,Minor,49.24030608,-123.0903465,Cyl-Unk,
2013-04-24,,Minor,49.21493576,-123.1403056,Cyl-Unk,
2013-04-24,21:00-23:59,Minor,49.27666649,-123.0704865,Single Cyl,
2013-04-23,21:00-23:59,Minor,49.27548223,-123.099907,Single Cyl,
2013-04-22,15:00-17:59,Minor,49.25290897,-123.1485266,Single Cyl,
2013-04-19,,Minor,49.26511725,-123.1241262,Cyl-Unk,
2013-04-17,6:00-8:59,Minor,49.28481882,-123.0616354,Cyl-Unk,
2013-04-13,12:00-14:59,Minor,49.27226817,-123.1855663,Cyl-Cyl,
2013-04-12,15:00-17:59,Minor,49.21953148,-123.1545187,Cyl-Unk,
2013-04-12,,Severe,49.25865517,-123.0698333,Single Cyl,
2013-04-05,15:00-17:59,Minor,49.22696578,-123.1398433,Cyl-Cyl,
2013-04-04,,Minor,49.2288125,-123.1435188,Cyl-Cyl,
2013-04-01,15:00-17:59,Minor,49.25372045,-123.0899652,Single Cyl,
2013-03-31,9:00-11:59,Minor,49.20292174,-123.077401,Cyl-Unk,
2013-03-23,15:00-17:59,Minor,49.26821814,-123.1007371,Single Cyl,
2013-03-16,18:00-20:59,Minor,49.23289146,-123.0905577,Single Cyl,
2013-03-12,,Minor,49.22655262,-123.1283157,Single Cyl,
2013-03-10,9:00-11:59,Minor,49.28869881,-123.0283076,Cyl-Unk,
2013-03-02,,Minor,49.20606355,-123.1234489,Cyl-Ped,
2013-02-28,12:00-14:59,Minor,49.26382852,-123.1529276,Cyl-Unk,
2013-02-09,21:00-23:59,Minor,49.26291341,-123.1009596,Single Cyl,
2013-02-02,,Minor,49.24025336,-123.0828309,Single Cyl,
2013-01-27,18:00-20:59,Minor,49.22566311,-123.101632,Cyl-Ped,
2013-01-27,15:00-17:59,Severe,49.2579421,-123.1011717,Single Cyl,
2013-01-26,0:00-2:59,Severe,49.26392416,-123.2152115,Cyl-Ped,
2013-01-21,6:00-8:59,Minor,49.25151822,-123.0237291,Single Cyl,
2013-01-16,9:00-11:59,Minor,49.2217975,-123.0774229,Cyl-Unk,
2013-01-14,9:00-11:59,Severe,49.21812717,-123.0770252,Single Cyl,
2013-01-11,21:00-23:59,Severe,49.2637899,-123.150529,Single Cyl,
2013-01-08,12:00-14:59,Minor,49.23061387,-123.1397173,Cyl-Cyl,
2013-01-03,,Minor,49.26550616,-123.100851,Cyl-Ped,
,,,,,,
,,,,,,
,,,,,,
,,,,,,
,,,,,,
,,,,,,
,,,,,,
,,,,,,
,,,,,,
,,,,,,
,,,,,,
,,,,,,
,,,,,,
,,,,,,
,,,,,,
,,,,,,
,,,,,,
,,,,,,
,,,,,,
,,,,,,
,,,,,,
,,,,,,
,,,,,,
,,,,,,
,,,,,,
,,,,,,
,,,,,,
,,,,,,
,,,,,,
,,,,,,
,,,,,,
,,,,,,
,,,,,,
,,,,,,
,,,,,,
,,,,,,
,,,,,,
,,,,,,
,,,,,,
,,,,,,
,,,,,,
,,,,,,
,,,,,,
,,,,,,
,,,,,,
,,,,,,
,,,,,,
,,,,,,
,,,,,,
,,,,,,
,,,,,,
,,,,,,
,,,,,,
,,,,,,
,,,,,,
,,,,,,
,,,,,,
,,,,,,
,,,,,,
,,,,,,
,,,,,,
,,,,,,
,,,,,,
,,,,,,
,,,,,,
,,,,,,
,,,,,,
,,,,,,
,,,,,,
,,,,,,
,,,,,,
,,,,,,
,,,,,,
,,,,,,
,,,,,,
,,,,,,
,,,,,,
,,,,,,
,,,,,,
,,,,,,
,,,,,,
,,,,,,
,,,,,,
,,,,,,
,,,,,,
,,,,,,
,,,,,,
,,,,,,
,,,,,,
,,,,,,
,,,,,,
,,,,,,
,,,,,,
,,,,,,
,,,,,,
,,,,,,
,,,,,,
,,,,,,
,,,,,,
,,,,,,
,,,,,,
,,,,,,
,,,,,,
,,,,,,
,,,,,,
,,,,,,
,,,,,,
,,,,,,
,,,,,,
,,,,,,
,,,,,,
,,,,,,
,,,,,,
,,,,,,
,,,,,,
,,,,,,
,,,,,,
,,,,,,
,,,,,,
,,,,,,
,,,,,,
,,,,,,
,,,,,,
,,,,,,
,,,,,,
,,,,,,
,,,,,,
,,,,,,
,,,,,,
,,,,,,
,,,,,,
,,,,,,
,,,,,,
,,,,,,
,,,,,,
,,,,,,
,,,,,,
,,,,,,
,,,,,,
,,,,,,
,,,,,,
,,,,,,
,,,,,,
,,,,,,
,,,,,,
,,,,,,
,,,,,,
,,,,,,
,,,,,,
,,,,,,
,,,,,,
,,,,,,
,,,,,,
,,,,,,
,,,,,,
,,,,,,
,,,,,,
,,,,,,
,,,,,,
,,,,,,
,,,,,,
,,,,,,
,,,,,,
,,,,,,
,,,,,,
,,,,,,
,,,,,,
,,,,,,
,,,,,,
,,,,,,
,,,,,,
,,,,,,
,,,,,,
,,,,,,
,,,,,,
,,,,,,
,,,,,,
,,,,,,
,,,,,,
,,,,,,
,,,,,,
,,,,,,
,,,,,,
,,,,,,
,,,,,,
,,,,,,
,,,,,,
,,,,,,
,,,,,,
,,,,,,
,,,,,,
,,,,,,
,,,,,,
,,,,,,
,,,,,,
,,,,,,
,,,,,,
,,,,,,
,,,,,,
,,,,,,
,,,,,,
,,,,,,
,,,,,,
,,,,,,
,,,,,,
,,,,,,
,,,,,,
,,,,,,
,,,,,,
,,,,,,
,,,,,,
,,,,,,
,,,,,,
,,,,,,
,,,,,,
,,,,,,
,,,,,,
,,,,,,
,,,,,,
,,,,,,
,,,,,,
,,,,,,
,,,,,,
,,,,,,
,,,,,,
,,,,,,
,,,,,,
,,,,,,
,,,,,,
,,,,,,
,,,,,,
,,,,,,
,,,,,,
,,,,,,
,,,,,,
,,,,,,
,,,,,,
,,,,,,
,,,,,,
,,,,,,
,,,,,,
,,,,,,
,,,,,,
,,,,,,
,,,,,,
,,,,,,
,,,,,,
,,,,,,
,,,,,,
,,,,,,
,,,,,,
,,,,,,
,,,,,,
,,,,,,
,,,,,,
,,,,,,
,,,,,,
,,,,,,
,,,,,,
,,,,,,
,,,,,,
,,,,,,
,,,,,,
,,,,,,
,,,,,,
,,,,,,
,,,,,,
,,,,,,
,,,,,,
,,,,,,
,,,,,,
,,,,,,
,,,,,,
,,,,,,
,,,,,,
,,,,,,
,,,,,,
,,,,,,
,,,,,,
,,,,,,
,,,,,,
,,,,,,
,,,,,,
,,,,,,
,,,,,,
,,,,,,
,,,,,,
,,,,,,
,,,,,,
,,,,,,
,,,,,,
,,,,,,
,,,,,,
,,,,,,
,,,,,,
,,,,,,
,,,,,,
,,,,,,
,,,,,,
,,,,,,
,,,,,,
,,,,,,
,,,,,,
,,,,,,
,,,,,,
,,,,,,
,,,,,,
,,,,,,
,,,,,,
,,,,,,
,,,,,,
,,,,,,
,,,,,,
,,,,,,
,,,,,,
,,,,,,
,,,,,,
,,,,,,
,,,,,,
,,,,,,
,,,,,,
,,,,,,
,,,,,,
,,,,,,
,,,,,,
,,,,,,
,,,,,,
,,,,,,
,,,,,,
,,,,,,
,,,,,,
,,,,,,
,,,,,,
,,,,,,
,,,,,,
,,,,,,
,,,,,,